"Origin Movement ID","Origin Display Name","Destination Movement ID","Destination Display Name","Date Range","Mean Travel Time (Seconds)","Range - Lower Bound Travel Time (Seconds)","Range - Upper Bound Travel Time (Seconds)"
"166","Census Tract 120","1","Census Tract 233.15","3/1/2020 - 3/31/2020, Every day, Daily Average",1626,1320,2002
"166","Census Tract 120","2","Census Tract 234.21","3/1/2020 - 3/31/2020, Every day, Daily Average",942,662,1339
"166","Census Tract 120","3","Census Tract 214.11","3/1/2020 - 3/31/2020, Every day, Daily Average",1222,905,1649
"166","Census Tract 120","4","Census Tract 214.16","3/1/2020 - 3/31/2020, Every day, Daily Average",991,683,1436
"166","Census Tract 120","5","Census Tract 215.04","3/1/2020 - 3/31/2020, Every day, Daily Average",1050,748,1472
"166","Census Tract 120","6","Census Tract 234.19","3/1/2020 - 3/31/2020, Every day, Daily Average",1267,984,1631
"166","Census Tract 120","7","Census Tract 503.11","3/1/2020 - 3/31/2020, Every day, Daily Average",1595,1234,2061
"166","Census Tract 120","8","Census Tract 219.06","3/1/2020 - 3/31/2020, Every day, Daily Average",1704,1304,2225
"166","Census Tract 120","9","Census Tract 66.01","3/1/2020 - 3/31/2020, Every day, Daily Average",505,311,819
"166","Census Tract 120","10","Census Tract 67","3/1/2020 - 3/31/2020, Every day, Daily Average",370,184,742
"166","Census Tract 120","11","Census Tract 93","3/1/2020 - 3/31/2020, Every day, Daily Average",973,632,1497
"166","Census Tract 120","12","Census Tract 94.02","3/1/2020 - 3/31/2020, Every day, Daily Average",579,399,840
"166","Census Tract 120","13","Census Tract 101.08","3/1/2020 - 3/31/2020, Every day, Daily Average",1780,1390,2277
"166","Census Tract 120","14","Census Tract 1706.02","3/1/2020 - 3/31/2020, Every day, Daily Average",1933,1634,2286
"166","Census Tract 120","15","Census Tract 101.10","3/1/2020 - 3/31/2020, Every day, Daily Average",1058,770,1453
"166","Census Tract 120","16","Census Tract 102.05","3/1/2020 - 3/31/2020, Every day, Daily Average",1295,964,1739
"166","Census Tract 120","17","Census Tract 102.08","3/1/2020 - 3/31/2020, Every day, Daily Average",1527,1187,1963
"166","Census Tract 120","18","Census Tract 105.07","3/1/2020 - 3/31/2020, Every day, Daily Average",778,570,1060
"166","Census Tract 120","19","Census Tract 105.08","3/1/2020 - 3/31/2020, Every day, Daily Average",1100,822,1470
"166","Census Tract 120","20","Census Tract 105.12","3/1/2020 - 3/31/2020, Every day, Daily Average",971,762,1236
"166","Census Tract 120","21","Census Tract 106.01","3/1/2020 - 3/31/2020, Every day, Daily Average",784,524,1171
"166","Census Tract 120","22","Census Tract 106.03","3/1/2020 - 3/31/2020, Every day, Daily Average",697,518,937
"166","Census Tract 120","23","Census Tract 106.04","3/1/2020 - 3/31/2020, Every day, Daily Average",730,516,1032
"166","Census Tract 120","24","Census Tract 303.30","3/1/2020 - 3/31/2020, Every day, Daily Average",1680,1236,2282
"166","Census Tract 120","25","Census Tract 313.11","3/1/2020 - 3/31/2020, Every day, Daily Average",643,467,883
"166","Census Tract 120","26","Census Tract 314.04","3/1/2020 - 3/31/2020, Every day, Daily Average",1311,1015,1692
"166","Census Tract 120","27","Census Tract 314.05","3/1/2020 - 3/31/2020, Every day, Daily Average",1713,1387,2114
"166","Census Tract 120","28","Census Tract 314.06","3/1/2020 - 3/31/2020, Every day, Daily Average",1519,1241,1858
"166","Census Tract 120","29","Census Tract 315.03","3/1/2020 - 3/31/2020, Every day, Daily Average",1922,1575,2344
"166","Census Tract 120","30","Census Tract 315.05","3/1/2020 - 3/31/2020, Every day, Daily Average",1525,1003,2317
"166","Census Tract 120","31","Census Tract 101.22","3/1/2020 - 3/31/2020, Every day, Daily Average",1146,856,1533
"166","Census Tract 120","32","Census Tract 303.31","3/1/2020 - 3/31/2020, Every day, Daily Average",1890,1460,2445
"166","Census Tract 120","33","Census Tract 303.32","3/1/2020 - 3/31/2020, Every day, Daily Average",1838,1342,2515
"166","Census Tract 120","34","Census Tract 303.33","3/1/2020 - 3/31/2020, Every day, Daily Average",1728,1302,2292
"166","Census Tract 120","35","Census Tract 1306.13","3/1/2020 - 3/31/2020, Every day, Daily Average",2153,1736,2668
"166","Census Tract 120","36","Census Tract 310.01","3/1/2020 - 3/31/2020, Every day, Daily Average",1238,958,1599
"166","Census Tract 120","37","Census Tract 303.20","3/1/2020 - 3/31/2020, Every day, Daily Average",1299,947,1781
"166","Census Tract 120","38","Census Tract 305.02","3/1/2020 - 3/31/2020, Every day, Daily Average",1299,992,1699
"166","Census Tract 120","39","Census Tract 303.22","3/1/2020 - 3/31/2020, Every day, Daily Average",2128,1634,2770
"166","Census Tract 120","40","Census Tract 313.07","3/1/2020 - 3/31/2020, Every day, Daily Average",1244,963,1605
"166","Census Tract 120","41","Census Tract 303.19","3/1/2020 - 3/31/2020, Every day, Daily Average",1629,1224,2167
"166","Census Tract 120","42","Census Tract 311.01","3/1/2020 - 3/31/2020, Every day, Daily Average",1425,1132,1792
"166","Census Tract 120","43","Census Tract 303.18","3/1/2020 - 3/31/2020, Every day, Daily Average",1595,1195,2128
"166","Census Tract 120","44","Census Tract 303.36","3/1/2020 - 3/31/2020, Every day, Daily Average",2016,1489,2729
"166","Census Tract 120","45","Census Tract 305.04","3/1/2020 - 3/31/2020, Every day, Daily Average",1258,956,1654
"166","Census Tract 120","46","Census Tract 311.10","3/1/2020 - 3/31/2020, Every day, Daily Average",1384,1062,1803
"166","Census Tract 120","47","Census Tract 301.01","3/1/2020 - 3/31/2020, Every day, Daily Average",2387,1905,2990
"166","Census Tract 120","48","Census Tract 301.03","3/1/2020 - 3/31/2020, Every day, Daily Average",2201,1769,2737
"166","Census Tract 120","49","Census Tract 303.28","3/1/2020 - 3/31/2020, Every day, Daily Average",2210,1715,2847
"166","Census Tract 120","50","Census Tract 302.09","3/1/2020 - 3/31/2020, Every day, Daily Average",2270,1880,2740
"166","Census Tract 120","51","Census Tract 302.14","3/1/2020 - 3/31/2020, Every day, Daily Average",2208,1837,2653
"166","Census Tract 120","52","Census Tract 302.15","3/1/2020 - 3/31/2020, Every day, Daily Average",2074,1697,2534
"166","Census Tract 120","53","Census Tract 303.34","3/1/2020 - 3/31/2020, Every day, Daily Average",1847,1366,2496
"166","Census Tract 120","54","Census Tract 303.35","3/1/2020 - 3/31/2020, Every day, Daily Average",2100,1590,2773
"166","Census Tract 120","55","Census Tract 303.37","3/1/2020 - 3/31/2020, Every day, Daily Average",1970,1415,2741
"166","Census Tract 120","56","Census Tract 303.39","3/1/2020 - 3/31/2020, Every day, Daily Average",837,607,1152
"166","Census Tract 120","57","Census Tract 303.10","3/1/2020 - 3/31/2020, Every day, Daily Average",1782,1338,2371
"166","Census Tract 120","58","Census Tract 303.11","3/1/2020 - 3/31/2020, Every day, Daily Average",2092,1651,2650
"166","Census Tract 120","59","Census Tract 303.12","3/1/2020 - 3/31/2020, Every day, Daily Average",1791,1391,2305
"166","Census Tract 120","60","Census Tract 301.04","3/1/2020 - 3/31/2020, Every day, Daily Average",1993,1619,2451
"166","Census Tract 120","61","Census Tract 303.13","3/1/2020 - 3/31/2020, Every day, Daily Average",1706,1301,2236
"166","Census Tract 120","62","Census Tract 304.05","3/1/2020 - 3/31/2020, Every day, Daily Average",1077,819,1415
"166","Census Tract 120","63","Census Tract 303.14","3/1/2020 - 3/31/2020, Every day, Daily Average",1868,1492,2337
"166","Census Tract 120","64","Census Tract 305.05","3/1/2020 - 3/31/2020, Every day, Daily Average",1203,921,1571
"166","Census Tract 120","65","Census Tract 307","3/1/2020 - 3/31/2020, Every day, Daily Average",1526,1182,1968
"166","Census Tract 120","66","Census Tract 303.24","3/1/2020 - 3/31/2020, Every day, Daily Average",2164,1679,2787
"166","Census Tract 120","67","Census Tract 308","3/1/2020 - 3/31/2020, Every day, Daily Average",1315,1036,1667
"166","Census Tract 120","68","Census Tract 309.01","3/1/2020 - 3/31/2020, Every day, Daily Average",1780,1446,2189
"166","Census Tract 120","69","Census Tract 309.02","3/1/2020 - 3/31/2020, Every day, Daily Average",1518,1198,1921
"166","Census Tract 120","70","Census Tract 309.04","3/1/2020 - 3/31/2020, Every day, Daily Average",1605,1329,1937
"166","Census Tract 120","71","Census Tract 309.05","3/1/2020 - 3/31/2020, Every day, Daily Average",1812,1486,2209
"166","Census Tract 120","72","Census Tract 303.26","3/1/2020 - 3/31/2020, Every day, Daily Average",2378,1872,3020
"166","Census Tract 120","73","Census Tract 310.02","3/1/2020 - 3/31/2020, Every day, Daily Average",1639,1112,2414
"166","Census Tract 120","74","Census Tract 310.04","3/1/2020 - 3/31/2020, Every day, Daily Average",1669,1286,2164
"166","Census Tract 120","75","Census Tract 310.05","3/1/2020 - 3/31/2020, Every day, Daily Average",1740,1393,2173
"166","Census Tract 120","76","Census Tract 219.12","3/1/2020 - 3/31/2020, Every day, Daily Average",1625,1299,2032
"166","Census Tract 120","77","Census Tract 311.06","3/1/2020 - 3/31/2020, Every day, Daily Average",1528,1215,1921
"166","Census Tract 120","78","Census Tract 303.27","3/1/2020 - 3/31/2020, Every day, Daily Average",2001,1596,2508
"166","Census Tract 120","79","Census Tract 311.08","3/1/2020 - 3/31/2020, Every day, Daily Average",1338,1010,1770
"166","Census Tract 120","80","Census Tract 311.11","3/1/2020 - 3/31/2020, Every day, Daily Average",1384,1036,1848
"166","Census Tract 120","81","Census Tract 311.12","3/1/2020 - 3/31/2020, Every day, Daily Average",1269,949,1695
"166","Census Tract 120","82","Census Tract 303.29","3/1/2020 - 3/31/2020, Every day, Daily Average",1732,1358,2207
"166","Census Tract 120","83","Census Tract 313.06","3/1/2020 - 3/31/2020, Every day, Daily Average",1348,1044,1739
"166","Census Tract 120","84","Census Tract 313.08","3/1/2020 - 3/31/2020, Every day, Daily Average",1106,808,1513
"166","Census Tract 120","85","Census Tract 313.09","3/1/2020 - 3/31/2020, Every day, Daily Average",1060,833,1348
"166","Census Tract 120","86","Census Tract 313.10","3/1/2020 - 3/31/2020, Every day, Daily Average",734,550,978
"166","Census Tract 120","87","Census Tract 214.05","3/1/2020 - 3/31/2020, Every day, Daily Average",1073,785,1466
"166","Census Tract 120","88","Census Tract 219.09","3/1/2020 - 3/31/2020, Every day, Daily Average",1358,1040,1772
"166","Census Tract 120","89","Census Tract 220.01","3/1/2020 - 3/31/2020, Every day, Daily Average",1384,961,1992
"166","Census Tract 120","90","Census Tract 220.04","3/1/2020 - 3/31/2020, Every day, Daily Average",1427,1118,1820
"166","Census Tract 120","91","Census Tract 220.05","3/1/2020 - 3/31/2020, Every day, Daily Average",1154,838,1588
"166","Census Tract 120","92","Census Tract 220.08","3/1/2020 - 3/31/2020, Every day, Daily Average",1302,980,1728
"166","Census Tract 120","93","Census Tract 235.07","3/1/2020 - 3/31/2020, Every day, Daily Average",1000,708,1410
"166","Census Tract 120","94","Census Tract 236.02","3/1/2020 - 3/31/2020, Every day, Daily Average",755,489,1164
"166","Census Tract 120","95","Census Tract 236.03","3/1/2020 - 3/31/2020, Every day, Daily Average",809,509,1283
"166","Census Tract 120","96","Census Tract 215.02","3/1/2020 - 3/31/2020, Every day, Daily Average",620,435,883
"166","Census Tract 120","97","Census Tract 216.02","3/1/2020 - 3/31/2020, Every day, Daily Average",1136,813,1587
"166","Census Tract 120","98","Census Tract 216.03","3/1/2020 - 3/31/2020, Every day, Daily Average",682,491,947
"166","Census Tract 120","99","Census Tract 217.03","3/1/2020 - 3/31/2020, Every day, Daily Average",1146,849,1545
"166","Census Tract 120","100","Census Tract 224.01","3/1/2020 - 3/31/2020, Every day, Daily Average",809,582,1124
"166","Census Tract 120","101","Census Tract 224.02","3/1/2020 - 3/31/2020, Every day, Daily Average",1075,820,1408
"166","Census Tract 120","102","Census Tract 224.03","3/1/2020 - 3/31/2020, Every day, Daily Average",860,619,1193
"166","Census Tract 120","103","Census Tract 225","3/1/2020 - 3/31/2020, Every day, Daily Average",971,709,1328
"166","Census Tract 120","104","Census Tract 237","3/1/2020 - 3/31/2020, Every day, Daily Average",343,227,517
"166","Census Tract 120","105","Census Tract 217.04","3/1/2020 - 3/31/2020, Every day, Daily Average",1491,1054,2108
"166","Census Tract 120","106","Census Tract 217.05","3/1/2020 - 3/31/2020, Every day, Daily Average",941,712,1243
"166","Census Tract 120","107","Census Tract 217.06","3/1/2020 - 3/31/2020, Every day, Daily Average",832,632,1093
"166","Census Tract 120","108","Census Tract 218.05","3/1/2020 - 3/31/2020, Every day, Daily Average",1339,964,1858
"166","Census Tract 120","109","Census Tract 226","3/1/2020 - 3/31/2020, Every day, Daily Average",1080,798,1459
"166","Census Tract 120","110","Census Tract 227","3/1/2020 - 3/31/2020, Every day, Daily Average",801,581,1102
"166","Census Tract 120","111","Census Tract 235.01","3/1/2020 - 3/31/2020, Every day, Daily Average",807,565,1150
"166","Census Tract 120","112","Census Tract 219.07","3/1/2020 - 3/31/2020, Every day, Daily Average",1626,1289,2050
"166","Census Tract 120","113","Census Tract 5","3/1/2020 - 3/31/2020, Every day, Daily Average",411,258,654
"166","Census Tract 120","114","Census Tract 13","3/1/2020 - 3/31/2020, Every day, Daily Average",635,402,1002
"166","Census Tract 120","115","Census Tract 14","3/1/2020 - 3/31/2020, Every day, Daily Average",490,304,789
"166","Census Tract 120","116","Census Tract 15","3/1/2020 - 3/31/2020, Every day, Daily Average",582,372,909
"166","Census Tract 120","117","Census Tract 16","3/1/2020 - 3/31/2020, Every day, Daily Average",448,271,738
"166","Census Tract 120","118","Census Tract 18","3/1/2020 - 3/31/2020, Every day, Daily Average",227,125,410
"166","Census Tract 120","119","Census Tract 19","3/1/2020 - 3/31/2020, Every day, Daily Average",279,155,499
"166","Census Tract 120","120","Census Tract 36","3/1/2020 - 3/31/2020, Every day, Daily Average",531,279,1008
"166","Census Tract 120","123","Census Tract 100.02","3/1/2020 - 3/31/2020, Every day, Daily Average",795,574,1100
"166","Census Tract 120","124","Census Tract 100.01","3/1/2020 - 3/31/2020, Every day, Daily Average",769,547,1080
"166","Census Tract 120","125","Census Tract 98.02","3/1/2020 - 3/31/2020, Every day, Daily Average",742,536,1025
"166","Census Tract 120","126","Census Tract 68.01","3/1/2020 - 3/31/2020, Every day, Daily Average",490,321,747
"166","Census Tract 120","129","Census Tract 9102","3/1/2020 - 3/31/2020, Every day, Daily Average",2363,1632,3420
"166","Census Tract 120","130","Census Tract 9101.01","3/1/2020 - 3/31/2020, Every day, Daily Average",1766,1347,2315
"166","Census Tract 120","131","Census Tract 97","3/1/2020 - 3/31/2020, Every day, Daily Average",640,449,910
"166","Census Tract 120","132","Census Tract 102.10","3/1/2020 - 3/31/2020, Every day, Daily Average",1438,1110,1861
"166","Census Tract 120","133","Census Tract 102.09","3/1/2020 - 3/31/2020, Every day, Daily Average",1587,1229,2048
"166","Census Tract 120","134","Census Tract 101.07","3/1/2020 - 3/31/2020, Every day, Daily Average",1685,1345,2110
"166","Census Tract 120","135","Census Tract 103.01","3/1/2020 - 3/31/2020, Every day, Daily Average",1417,1069,1877
"166","Census Tract 120","136","Census Tract 25","3/1/2020 - 3/31/2020, Every day, Daily Average",503,315,802
"166","Census Tract 120","137","Census Tract 103.04","3/1/2020 - 3/31/2020, Every day, Daily Average",1200,936,1537
"166","Census Tract 120","138","Census Tract 71","3/1/2020 - 3/31/2020, Every day, Daily Average",694,470,1024
"166","Census Tract 120","139","Census Tract 105.13","3/1/2020 - 3/31/2020, Every day, Daily Average",1033,812,1313
"166","Census Tract 120","140","Census Tract 105.10","3/1/2020 - 3/31/2020, Every day, Daily Average",1092,814,1464
"166","Census Tract 120","141","Census Tract 72","3/1/2020 - 3/31/2020, Every day, Daily Average",412,292,580
"166","Census Tract 120","142","Census Tract 62","3/1/2020 - 3/31/2020, Every day, Daily Average",442,273,713
"166","Census Tract 120","143","Census Tract 11","3/1/2020 - 3/31/2020, Every day, Daily Average",630,389,1019
"166","Census Tract 120","144","Census Tract 73","3/1/2020 - 3/31/2020, Every day, Daily Average",388,282,533
"166","Census Tract 120","145","Census Tract 42","3/1/2020 - 3/31/2020, Every day, Daily Average",174,93,325
"166","Census Tract 120","146","Census Tract 91.01","3/1/2020 - 3/31/2020, Every day, Daily Average",499,302,823
"166","Census Tract 120","147","Census Tract 89.04","3/1/2020 - 3/31/2020, Every day, Daily Average",547,371,805
"166","Census Tract 120","148","Census Tract 116.11","3/1/2020 - 3/31/2020, Every day, Daily Average",1596,1228,2073
"166","Census Tract 120","149","Census Tract 116.17","3/1/2020 - 3/31/2020, Every day, Daily Average",1672,1291,2164
"166","Census Tract 120","150","Census Tract 37","3/1/2020 - 3/31/2020, Every day, Daily Average",490,268,893
"166","Census Tract 120","151","Census Tract 105.11","3/1/2020 - 3/31/2020, Every day, Daily Average",851,646,1120
"166","Census Tract 120","152","Census Tract 115.04","3/1/2020 - 3/31/2020, Every day, Daily Average",2647,2107,3325
"166","Census Tract 120","153","Census Tract 116.15","3/1/2020 - 3/31/2020, Every day, Daily Average",2243,1798,2797
"166","Census Tract 120","154","Census Tract 115.03","3/1/2020 - 3/31/2020, Every day, Daily Average",2332,1859,2924
"166","Census Tract 120","155","Census Tract 114.23","3/1/2020 - 3/31/2020, Every day, Daily Average",2017,1539,2642
"166","Census Tract 120","156","Census Tract 114.25","3/1/2020 - 3/31/2020, Every day, Daily Average",2164,1686,2775
"166","Census Tract 120","157","Census Tract 116.13","3/1/2020 - 3/31/2020, Every day, Daily Average",2405,1772,3263
"166","Census Tract 120","158","Census Tract 114.20","3/1/2020 - 3/31/2020, Every day, Daily Average",1521,1170,1976
"166","Census Tract 120","159","Census Tract 116.20","3/1/2020 - 3/31/2020, Every day, Daily Average",2161,1712,2727
"166","Census Tract 120","160","Census Tract 116.14","3/1/2020 - 3/31/2020, Every day, Daily Average",2046,1607,2604
"166","Census Tract 120","161","Census Tract 116.21","3/1/2020 - 3/31/2020, Every day, Daily Average",1828,1434,2328
"166","Census Tract 120","162","Census Tract 116.19","3/1/2020 - 3/31/2020, Every day, Daily Average",1746,1369,2226
"166","Census Tract 120","163","Census Tract 116.23","3/1/2020 - 3/31/2020, Every day, Daily Average",2187,1722,2776
"166","Census Tract 120","164","Census Tract 102.11","3/1/2020 - 3/31/2020, Every day, Daily Average",1212,900,1631
"166","Census Tract 120","165","Census Tract 116.22","3/1/2020 - 3/31/2020, Every day, Daily Average",2426,1933,3043
"166","Census Tract 120","166","Census Tract 120","3/1/2020 - 3/31/2020, Every day, Daily Average",449,102,1963
"166","Census Tract 120","167","Census Tract 6","3/1/2020 - 3/31/2020, Every day, Daily Average",717,437,1174
"166","Census Tract 120","168","Census Tract 17","3/1/2020 - 3/31/2020, Every day, Daily Average",396,228,686
"166","Census Tract 120","169","Census Tract 90","3/1/2020 - 3/31/2020, Every day, Daily Average",523,345,791
"166","Census Tract 120","170","Census Tract 70.02","3/1/2020 - 3/31/2020, Every day, Daily Average",574,376,874
"166","Census Tract 120","171","Census Tract 99","3/1/2020 - 3/31/2020, Every day, Daily Average",1039,750,1437
"166","Census Tract 120","172","Census Tract 103.03","3/1/2020 - 3/31/2020, Every day, Daily Average",1027,778,1354
"166","Census Tract 120","173","Census Tract 105.14","3/1/2020 - 3/31/2020, Every day, Daily Average",1187,937,1502
"166","Census Tract 120","174","Census Tract 110","3/1/2020 - 3/31/2020, Every day, Daily Average",521,341,794
"166","Census Tract 120","175","Census Tract 1","3/1/2020 - 3/31/2020, Every day, Daily Average",892,536,1482
"166","Census Tract 120","176","Census Tract 2","3/1/2020 - 3/31/2020, Every day, Daily Average",898,592,1361
"166","Census Tract 120","177","Census Tract 4","3/1/2020 - 3/31/2020, Every day, Daily Average",670,409,1097
"166","Census Tract 120","178","Census Tract 502.12","3/1/2020 - 3/31/2020, Every day, Daily Average",2424,1946,3018
"166","Census Tract 120","179","Census Tract 502.10","3/1/2020 - 3/31/2020, Every day, Daily Average",1963,1514,2544
"166","Census Tract 120","180","Census Tract 506.06","3/1/2020 - 3/31/2020, Every day, Daily Average",2531,1967,3256
"166","Census Tract 120","181","Census Tract 505.25","3/1/2020 - 3/31/2020, Every day, Daily Average",2167,1768,2654
"166","Census Tract 120","182","Census Tract 502.14","3/1/2020 - 3/31/2020, Every day, Daily Average",2266,1809,2838
"166","Census Tract 120","183","Census Tract 502.20","3/1/2020 - 3/31/2020, Every day, Daily Average",2116,1612,2777
"166","Census Tract 120","184","Census Tract 505.31","3/1/2020 - 3/31/2020, Every day, Daily Average",2002,1616,2479
"166","Census Tract 120","185","Census Tract 507.23","3/1/2020 - 3/31/2020, Every day, Daily Average",1975,1623,2401
"166","Census Tract 120","186","Census Tract 505.44","3/1/2020 - 3/31/2020, Every day, Daily Average",2072,1695,2532
"166","Census Tract 120","187","Census Tract 505.37","3/1/2020 - 3/31/2020, Every day, Daily Average",1587,1233,2041
"166","Census Tract 120","188","Census Tract 506.07","3/1/2020 - 3/31/2020, Every day, Daily Average",2155,1781,2607
"166","Census Tract 120","189","Census Tract 506.08","3/1/2020 - 3/31/2020, Every day, Daily Average",2294,1919,2741
"166","Census Tract 120","190","Census Tract 505.46","3/1/2020 - 3/31/2020, Every day, Daily Average",2435,1974,3002
"166","Census Tract 120","191","Census Tract 505.48","3/1/2020 - 3/31/2020, Every day, Daily Average",2046,1609,2601
"166","Census Tract 120","192","Census Tract 507.24","3/1/2020 - 3/31/2020, Every day, Daily Average",2610,2028,3357
"166","Census Tract 120","193","Census Tract 505.23","3/1/2020 - 3/31/2020, Every day, Daily Average",1890,1524,2343
"166","Census Tract 120","194","Census Tract 507.28","3/1/2020 - 3/31/2020, Every day, Daily Average",2236,1868,2676
"166","Census Tract 120","195","Census Tract 502.16","3/1/2020 - 3/31/2020, Every day, Daily Average",1825,1408,2365
"166","Census Tract 120","196","Census Tract 504.31","3/1/2020 - 3/31/2020, Every day, Daily Average",1718,1316,2241
"166","Census Tract 120","199","Census Tract 1601","3/1/2020 - 3/31/2020, Every day, Daily Average",2368,1790,3131
"166","Census Tract 120","201","Census Tract 1602","3/1/2020 - 3/31/2020, Every day, Daily Average",2422,1866,3142
"166","Census Tract 120","203","Census Tract 1605","3/1/2020 - 3/31/2020, Every day, Daily Average",2600,2000,3379
"166","Census Tract 120","204","Census Tract 9607","3/1/2020 - 3/31/2020, Every day, Daily Average",2544,1989,3253
"166","Census Tract 120","205","Census Tract 9608.03","3/1/2020 - 3/31/2020, Every day, Daily Average",2299,1794,2945
"166","Census Tract 120","206","Census Tract 9608.02","3/1/2020 - 3/31/2020, Every day, Daily Average",2013,1576,2571
"166","Census Tract 120","207","Census Tract 9608.01","3/1/2020 - 3/31/2020, Every day, Daily Average",1939,1510,2488
"166","Census Tract 120","208","Census Tract 806.02","3/1/2020 - 3/31/2020, Every day, Daily Average",1355,1049,1748
"166","Census Tract 120","212","Census Tract 1106.03","3/1/2020 - 3/31/2020, Every day, Daily Average",2703,2229,3277
"166","Census Tract 120","213","Census Tract 1105.06","3/1/2020 - 3/31/2020, Every day, Daily Average",2380,2095,2703
"166","Census Tract 120","214","Census Tract 1105.07","3/1/2020 - 3/31/2020, Every day, Daily Average",2761,2441,3122
"166","Census Tract 120","215","Census Tract 1106.01","3/1/2020 - 3/31/2020, Every day, Daily Average",3012,2512,3610
"166","Census Tract 120","216","Census Tract 910.06","3/1/2020 - 3/31/2020, Every day, Daily Average",2219,1838,2678
"166","Census Tract 120","220","Census Tract 1404.04","3/1/2020 - 3/31/2020, Every day, Daily Average",2017,1550,2623
"166","Census Tract 120","221","Census Tract 1404.05","3/1/2020 - 3/31/2020, Every day, Daily Average",2137,1636,2789
"166","Census Tract 120","222","Census Tract 1404.03","3/1/2020 - 3/31/2020, Every day, Daily Average",1751,1364,2246
"166","Census Tract 120","226","Census Tract 1404.07","3/1/2020 - 3/31/2020, Every day, Daily Average",2058,1574,2690
"166","Census Tract 120","227","Census Tract 1401.02","3/1/2020 - 3/31/2020, Every day, Daily Average",1583,1163,2154
"166","Census Tract 120","228","Census Tract 1404.06","3/1/2020 - 3/31/2020, Every day, Daily Average",1768,1279,2442
"166","Census Tract 120","229","Census Tract 1403.03","3/1/2020 - 3/31/2020, Every day, Daily Average",2362,1872,2979
"166","Census Tract 120","230","Census Tract 1401.01","3/1/2020 - 3/31/2020, Every day, Daily Average",1438,1134,1822
"166","Census Tract 120","231","Census Tract 1402.03","3/1/2020 - 3/31/2020, Every day, Daily Average",1560,1261,1929
"166","Census Tract 120","233","Census Tract 1402.04","3/1/2020 - 3/31/2020, Every day, Daily Average",1794,1422,2262
"166","Census Tract 120","234","Census Tract 1402.06","3/1/2020 - 3/31/2020, Every day, Daily Average",1846,1509,2258
"166","Census Tract 120","236","Census Tract 29","3/1/2020 - 3/31/2020, Every day, Daily Average",328,179,598
"166","Census Tract 120","237","Census Tract 102.06","3/1/2020 - 3/31/2020, Every day, Daily Average",1173,862,1596
"166","Census Tract 120","238","Census Tract 101.06","3/1/2020 - 3/31/2020, Every day, Daily Average",1341,1016,1768
"166","Census Tract 120","239","Census Tract 102.04","3/1/2020 - 3/31/2020, Every day, Daily Average",1342,902,1994
"166","Census Tract 120","240","Census Tract 66.02","3/1/2020 - 3/31/2020, Every day, Daily Average",592,385,908
"166","Census Tract 120","241","Census Tract 908.02","3/1/2020 - 3/31/2020, Every day, Daily Average",2736,2191,3416
"166","Census Tract 120","242","Census Tract 116.24","3/1/2020 - 3/31/2020, Every day, Daily Average",2430,1943,3038
"166","Census Tract 120","243","Census Tract 911.03","3/1/2020 - 3/31/2020, Every day, Daily Average",1871,1456,2403
"166","Census Tract 120","244","Census Tract 906.02","3/1/2020 - 3/31/2020, Every day, Daily Average",2620,2073,3310
"166","Census Tract 120","245","Census Tract 910.03","3/1/2020 - 3/31/2020, Every day, Daily Average",2039,1576,2636
"166","Census Tract 120","246","Census Tract 906.01","3/1/2020 - 3/31/2020, Every day, Daily Average",2403,1927,2995
"166","Census Tract 120","247","Census Tract 907.01","3/1/2020 - 3/31/2020, Every day, Daily Average",2167,1692,2774
"166","Census Tract 120","248","Census Tract 907.02","3/1/2020 - 3/31/2020, Every day, Daily Average",2191,1732,2771
"166","Census Tract 120","249","Census Tract 911.02","3/1/2020 - 3/31/2020, Every day, Daily Average",2020,1698,2402
"166","Census Tract 120","251","Census Tract 909.02","3/1/2020 - 3/31/2020, Every day, Daily Average",2463,1890,3208
"166","Census Tract 120","252","Census Tract 910.01","3/1/2020 - 3/31/2020, Every day, Daily Average",1906,1475,2462
"166","Census Tract 120","255","Census Tract 805.05","3/1/2020 - 3/31/2020, Every day, Daily Average",1400,1060,1848
"166","Census Tract 120","256","Census Tract 805.06","3/1/2020 - 3/31/2020, Every day, Daily Average",1746,1436,2122
"166","Census Tract 120","258","Census Tract 406.14","3/1/2020 - 3/31/2020, Every day, Daily Average",1315,954,1811
"166","Census Tract 120","259","Census Tract 405.18","3/1/2020 - 3/31/2020, Every day, Daily Average",1377,1176,1612
"166","Census Tract 120","260","Census Tract 406.12","3/1/2020 - 3/31/2020, Every day, Daily Average",1218,976,1518
"166","Census Tract 120","261","Census Tract 234.18","3/1/2020 - 3/31/2020, Every day, Daily Average",1175,921,1498
"166","Census Tract 120","262","Census Tract 238.03","3/1/2020 - 3/31/2020, Every day, Daily Average",394,277,558
"166","Census Tract 120","263","Census Tract 910.08","3/1/2020 - 3/31/2020, Every day, Daily Average",2186,1672,2856
"166","Census Tract 120","264","Census Tract 908.04","3/1/2020 - 3/31/2020, Every day, Daily Average",2399,1926,2987
"166","Census Tract 120","266","Census Tract 909.04","3/1/2020 - 3/31/2020, Every day, Daily Average",2166,1673,2802
"166","Census Tract 120","267","Census Tract 909.05","3/1/2020 - 3/31/2020, Every day, Daily Average",2165,1613,2904
"166","Census Tract 120","268","Census Tract 403.02","3/1/2020 - 3/31/2020, Every day, Daily Average",788,532,1165
"166","Census Tract 120","269","Census Tract 910.07","3/1/2020 - 3/31/2020, Every day, Daily Average",2381,1957,2895
"166","Census Tract 120","270","Census Tract 403.03","3/1/2020 - 3/31/2020, Every day, Daily Average",995,757,1306
"166","Census Tract 120","271","Census Tract 406.08","3/1/2020 - 3/31/2020, Every day, Daily Average",1905,1396,2598
"166","Census Tract 120","272","Census Tract 404.10","3/1/2020 - 3/31/2020, Every day, Daily Average",1156,894,1494
"166","Census Tract 120","273","Census Tract 406.11","3/1/2020 - 3/31/2020, Every day, Daily Average",1073,856,1343
"166","Census Tract 120","274","Census Tract 402.02","3/1/2020 - 3/31/2020, Every day, Daily Average",588,413,835
"166","Census Tract 120","275","Census Tract 404.13","3/1/2020 - 3/31/2020, Every day, Daily Average",1224,928,1614
"166","Census Tract 120","276","Census Tract 405.12","3/1/2020 - 3/31/2020, Every day, Daily Average",954,709,1282
"166","Census Tract 120","277","Census Tract 404.09","3/1/2020 - 3/31/2020, Every day, Daily Average",1244,858,1802
"166","Census Tract 120","278","Census Tract 404.07","3/1/2020 - 3/31/2020, Every day, Daily Average",1114,837,1482
"166","Census Tract 120","279","Census Tract 404.08","3/1/2020 - 3/31/2020, Every day, Daily Average",1135,867,1485
"166","Census Tract 120","280","Census Tract 404.11","3/1/2020 - 3/31/2020, Every day, Daily Average",1388,992,1940
"166","Census Tract 120","281","Census Tract 221","3/1/2020 - 3/31/2020, Every day, Daily Average",1169,820,1665
"166","Census Tract 120","282","Census Tract 238.01","3/1/2020 - 3/31/2020, Every day, Daily Average",613,400,938
"166","Census Tract 120","283","Census Tract 404.12","3/1/2020 - 3/31/2020, Every day, Daily Average",878,666,1156
"166","Census Tract 120","284","Census Tract 405.09","3/1/2020 - 3/31/2020, Every day, Daily Average",1086,851,1384
"166","Census Tract 120","285","Census Tract 405.10","3/1/2020 - 3/31/2020, Every day, Daily Average",902,671,1212
"166","Census Tract 120","286","Census Tract 701.10","3/1/2020 - 3/31/2020, Every day, Daily Average",1702,1351,2143
"166","Census Tract 120","287","Census Tract 701.11","3/1/2020 - 3/31/2020, Every day, Daily Average",1478,1055,2070
"166","Census Tract 120","288","Census Tract 703.09","3/1/2020 - 3/31/2020, Every day, Daily Average",1597,1123,2270
"166","Census Tract 120","289","Census Tract 702.04","3/1/2020 - 3/31/2020, Every day, Daily Average",1709,1487,1963
"166","Census Tract 120","290","Census Tract 704.04","3/1/2020 - 3/31/2020, Every day, Daily Average",1980,1619,2421
"166","Census Tract 120","291","Census Tract 705.02","3/1/2020 - 3/31/2020, Every day, Daily Average",2462,1764,3435
"166","Census Tract 120","294","Census Tract 405.13","3/1/2020 - 3/31/2020, Every day, Daily Average",1094,828,1444
"166","Census Tract 120","295","Census Tract 405.14","3/1/2020 - 3/31/2020, Every day, Daily Average",1217,954,1551
"166","Census Tract 120","296","Census Tract 405.15","3/1/2020 - 3/31/2020, Every day, Daily Average",1247,1011,1536
"166","Census Tract 120","297","Census Tract 405.16","3/1/2020 - 3/31/2020, Every day, Daily Average",1268,1084,1482
"166","Census Tract 120","300","Census Tract 1005.02","3/1/2020 - 3/31/2020, Every day, Daily Average",1905,1540,2356
"166","Census Tract 120","301","Census Tract 1001","3/1/2020 - 3/31/2020, Every day, Daily Average",2497,1864,3343
"166","Census Tract 120","303","Census Tract 1004","3/1/2020 - 3/31/2020, Every day, Daily Average",2078,1675,2577
"166","Census Tract 120","304","Census Tract 1003","3/1/2020 - 3/31/2020, Every day, Daily Average",2191,1786,2687
"166","Census Tract 120","305","Census Tract 406.06","3/1/2020 - 3/31/2020, Every day, Daily Average",1747,1348,2262
"166","Census Tract 120","306","Census Tract 406.09","3/1/2020 - 3/31/2020, Every day, Daily Average",952,746,1214
"166","Census Tract 120","307","Census Tract 406.13","3/1/2020 - 3/31/2020, Every day, Daily Average",1509,1223,1861
"166","Census Tract 120","308","Census Tract 302.18","3/1/2020 - 3/31/2020, Every day, Daily Average",2189,1800,2660
"166","Census Tract 120","309","Census Tract 312.05","3/1/2020 - 3/31/2020, Every day, Daily Average",900,626,1293
"166","Census Tract 120","310","Census Tract 302.24","3/1/2020 - 3/31/2020, Every day, Daily Average",2087,1704,2554
"166","Census Tract 120","311","Census Tract 312.09","3/1/2020 - 3/31/2020, Every day, Daily Average",1210,873,1676
"166","Census Tract 120","312","Census Tract 312.07","3/1/2020 - 3/31/2020, Every day, Daily Average",1163,840,1608
"166","Census Tract 120","313","Census Tract 312.08","3/1/2020 - 3/31/2020, Every day, Daily Average",1189,849,1664
"166","Census Tract 120","314","Census Tract 305.07","3/1/2020 - 3/31/2020, Every day, Daily Average",1547,1229,1946
"166","Census Tract 120","315","Census Tract 305.06","3/1/2020 - 3/31/2020, Every day, Daily Average",1340,1006,1783
"166","Census Tract 120","316","Census Tract 306.01","3/1/2020 - 3/31/2020, Every day, Daily Average",1465,1109,1934
"166","Census Tract 120","317","Census Tract 604.04","3/1/2020 - 3/31/2020, Every day, Daily Average",1882,1278,2770
"166","Census Tract 120","318","Census Tract 603.08","3/1/2020 - 3/31/2020, Every day, Daily Average",1786,1466,2175
"166","Census Tract 120","319","Census Tract 604.03","3/1/2020 - 3/31/2020, Every day, Daily Average",1742,1346,2254
"166","Census Tract 120","320","Census Tract 603.06","3/1/2020 - 3/31/2020, Every day, Daily Average",1706,1355,2147
"166","Census Tract 120","321","Census Tract 603.05","3/1/2020 - 3/31/2020, Every day, Daily Average",1607,1275,2024
"166","Census Tract 120","323","Census Tract 601.01","3/1/2020 - 3/31/2020, Every day, Daily Average",1825,1559,2135
"166","Census Tract 120","324","Census Tract 602.02","3/1/2020 - 3/31/2020, Every day, Daily Average",1554,1208,1998
"166","Census Tract 120","325","Census Tract 604.06","3/1/2020 - 3/31/2020, Every day, Daily Average",2079,1643,2630
"166","Census Tract 120","326","Census Tract 603.04","3/1/2020 - 3/31/2020, Every day, Daily Average",1435,1144,1798
"166","Census Tract 120","327","Census Tract 601.02","3/1/2020 - 3/31/2020, Every day, Daily Average",2045,1736,2408
"166","Census Tract 120","329","Census Tract 603.09","3/1/2020 - 3/31/2020, Every day, Daily Average",1557,1290,1878
"166","Census Tract 120","330","Census Tract 603.07","3/1/2020 - 3/31/2020, Every day, Daily Average",1824,1457,2282
"166","Census Tract 120","331","Census Tract 602.01","3/1/2020 - 3/31/2020, Every day, Daily Average",1257,956,1651
"166","Census Tract 120","332","Census Tract 114.17","3/1/2020 - 3/31/2020, Every day, Daily Average",1841,1485,2282
"166","Census Tract 120","333","Census Tract 115.06","3/1/2020 - 3/31/2020, Every day, Daily Average",2135,1718,2652
"166","Census Tract 120","334","Census Tract 114.16","3/1/2020 - 3/31/2020, Every day, Daily Average",2020,1546,2637
"166","Census Tract 120","335","Census Tract 114.21","3/1/2020 - 3/31/2020, Every day, Daily Average",1686,1256,2261
"166","Census Tract 120","336","Census Tract 114.26","3/1/2020 - 3/31/2020, Every day, Daily Average",2398,1761,3265
"166","Census Tract 120","337","Census Tract 116.10","3/1/2020 - 3/31/2020, Every day, Daily Average",2107,1679,2643
"166","Census Tract 120","338","Census Tract 116.18","3/1/2020 - 3/31/2020, Every day, Daily Average",1703,1328,2182
"166","Census Tract 120","339","Census Tract 116.25","3/1/2020 - 3/31/2020, Every day, Daily Average",2062,1604,2649
"166","Census Tract 120","340","Census Tract 116.12","3/1/2020 - 3/31/2020, Every day, Daily Average",1925,1513,2448
"166","Census Tract 120","341","Census Tract 77.05","3/1/2020 - 3/31/2020, Every day, Daily Average",822,577,1169
"166","Census Tract 120","342","Census Tract 96.01","3/1/2020 - 3/31/2020, Every day, Daily Average",1012,693,1477
"166","Census Tract 120","343","Census Tract 96.03","3/1/2020 - 3/31/2020, Every day, Daily Average",1043,701,1551
"166","Census Tract 120","344","Census Tract 98.01","3/1/2020 - 3/31/2020, Every day, Daily Average",637,441,918
"166","Census Tract 120","345","Census Tract 101.19","3/1/2020 - 3/31/2020, Every day, Daily Average",1402,1070,1836
"166","Census Tract 120","346","Census Tract 101.21","3/1/2020 - 3/31/2020, Every day, Daily Average",1336,973,1832
"166","Census Tract 120","347","Census Tract 101.23","3/1/2020 - 3/31/2020, Every day, Daily Average",1229,923,1635
"166","Census Tract 120","349","Census Tract 1202.02","3/1/2020 - 3/31/2020, Every day, Daily Average",1927,1583,2344
"166","Census Tract 120","350","Census Tract 503.08","3/1/2020 - 3/31/2020, Every day, Daily Average",1706,1350,2155
"166","Census Tract 120","351","Census Tract 503.06","3/1/2020 - 3/31/2020, Every day, Daily Average",1182,881,1584
"166","Census Tract 120","352","Census Tract 503.09","3/1/2020 - 3/31/2020, Every day, Daily Average",1844,1425,2385
"166","Census Tract 120","353","Census Tract 503.10","3/1/2020 - 3/31/2020, Every day, Daily Average",1580,1235,2020
"166","Census Tract 120","354","Census Tract 503.13","3/1/2020 - 3/31/2020, Every day, Daily Average",1366,1027,1816
"166","Census Tract 120","355","Census Tract 228","3/1/2020 - 3/31/2020, Every day, Daily Average",922,668,1272
"166","Census Tract 120","356","Census Tract 229","3/1/2020 - 3/31/2020, Every day, Daily Average",833,609,1138
"166","Census Tract 120","357","Census Tract 214.12","3/1/2020 - 3/31/2020, Every day, Daily Average",1076,757,1528
"166","Census Tract 120","358","Census Tract 236.01","3/1/2020 - 3/31/2020, Every day, Daily Average",648,475,882
"166","Census Tract 120","359","Census Tract 213.07","3/1/2020 - 3/31/2020, Every day, Daily Average",1022,765,1364
"166","Census Tract 120","360","Census Tract 211.02","3/1/2020 - 3/31/2020, Every day, Daily Average",1154,813,1637
"166","Census Tract 120","361","Census Tract 214.15","3/1/2020 - 3/31/2020, Every day, Daily Average",885,605,1293
"166","Census Tract 120","362","Census Tract 214.17","3/1/2020 - 3/31/2020, Every day, Daily Average",828,554,1236
"166","Census Tract 120","363","Census Tract 213.05","3/1/2020 - 3/31/2020, Every day, Daily Average",1370,1093,1716
"166","Census Tract 120","364","Census Tract 503.14","3/1/2020 - 3/31/2020, Every day, Daily Average",1418,1064,1888
"166","Census Tract 120","365","Census Tract 115.05","3/1/2020 - 3/31/2020, Every day, Daily Average",2146,1733,2657
"166","Census Tract 120","366","Census Tract 114.22","3/1/2020 - 3/31/2020, Every day, Daily Average",1840,1365,2478
"166","Census Tract 120","367","Census Tract 114.24","3/1/2020 - 3/31/2020, Every day, Daily Average",2046,1614,2593
"166","Census Tract 120","368","Census Tract 116.26","3/1/2020 - 3/31/2020, Every day, Daily Average",2327,1630,3321
"166","Census Tract 120","369","Census Tract 119","3/1/2020 - 3/31/2020, Every day, Daily Average",165,76,354
"166","Census Tract 120","370","Census Tract 230","3/1/2020 - 3/31/2020, Every day, Daily Average",1193,840,1694
"166","Census Tract 120","371","Census Tract 231.01","3/1/2020 - 3/31/2020, Every day, Daily Average",741,527,1040
"166","Census Tract 120","372","Census Tract 231.02","3/1/2020 - 3/31/2020, Every day, Daily Average",953,704,1289
"166","Census Tract 120","373","Census Tract 213.06","3/1/2020 - 3/31/2020, Every day, Daily Average",1203,918,1575
"166","Census Tract 120","374","Census Tract 213.08","3/1/2020 - 3/31/2020, Every day, Daily Average",1085,752,1564
"166","Census Tract 120","375","Census Tract 216.05","3/1/2020 - 3/31/2020, Every day, Daily Average",763,568,1024
"166","Census Tract 120","376","Census Tract 219.13","3/1/2020 - 3/31/2020, Every day, Daily Average",1470,1172,1842
"166","Census Tract 120","377","Census Tract 220.09","3/1/2020 - 3/31/2020, Every day, Daily Average",1260,969,1636
"166","Census Tract 120","378","Census Tract 222.03","3/1/2020 - 3/31/2020, Every day, Daily Average",1277,894,1822
"166","Census Tract 120","379","Census Tract 801.02","3/1/2020 - 3/31/2020, Every day, Daily Average",881,675,1148
"166","Census Tract 120","380","Census Tract 123","3/1/2020 - 3/31/2020, Every day, Daily Average",447,352,566
"166","Census Tract 120","381","Census Tract 232.14","3/1/2020 - 3/31/2020, Every day, Daily Average",1091,820,1450
"166","Census Tract 120","382","Census Tract 233.13","3/1/2020 - 3/31/2020, Every day, Daily Average",1324,1039,1686
"166","Census Tract 120","383","Census Tract 233.16","3/1/2020 - 3/31/2020, Every day, Daily Average",1719,1393,2120
"166","Census Tract 120","384","Census Tract 211.01","3/1/2020 - 3/31/2020, Every day, Daily Average",1260,985,1610
"166","Census Tract 120","385","Census Tract 231.07","3/1/2020 - 3/31/2020, Every day, Daily Average",914,665,1256
"166","Census Tract 120","386","Census Tract 231.08","3/1/2020 - 3/31/2020, Every day, Daily Average",877,635,1210
"166","Census Tract 120","387","Census Tract 232.04","3/1/2020 - 3/31/2020, Every day, Daily Average",1325,1023,1715
"166","Census Tract 120","388","Census Tract 214.14","3/1/2020 - 3/31/2020, Every day, Daily Average",909,635,1300
"166","Census Tract 120","389","Census Tract 212.15","3/1/2020 - 3/31/2020, Every day, Daily Average",1199,869,1652
"166","Census Tract 120","390","Census Tract 504.17","3/1/2020 - 3/31/2020, Every day, Daily Average",1197,874,1638
"166","Census Tract 120","391","Census Tract 503.04","3/1/2020 - 3/31/2020, Every day, Daily Average",1344,1045,1728
"166","Census Tract 120","394","Census Tract 212.17","3/1/2020 - 3/31/2020, Every day, Daily Average",1334,987,1801
"166","Census Tract 120","395","Census Tract 214.09","3/1/2020 - 3/31/2020, Every day, Daily Average",1037,698,1540
"166","Census Tract 120","396","Census Tract 218.14","3/1/2020 - 3/31/2020, Every day, Daily Average",1256,926,1702
"166","Census Tract 120","397","Census Tract 231.11","3/1/2020 - 3/31/2020, Every day, Daily Average",960,709,1299
"166","Census Tract 120","399","Census Tract 231.13","3/1/2020 - 3/31/2020, Every day, Daily Average",1107,779,1571
"166","Census Tract 120","400","Census Tract 232.06","3/1/2020 - 3/31/2020, Every day, Daily Average",1130,855,1492
"166","Census Tract 120","401","Census Tract 232.08","3/1/2020 - 3/31/2020, Every day, Daily Average",1464,1181,1814
"166","Census Tract 120","402","Census Tract 232.09","3/1/2020 - 3/31/2020, Every day, Daily Average",1508,1234,1842
"166","Census Tract 120","403","Census Tract 232.10","3/1/2020 - 3/31/2020, Every day, Daily Average",1346,1076,1682
"166","Census Tract 120","404","Census Tract 232.11","3/1/2020 - 3/31/2020, Every day, Daily Average",1178,907,1529
"166","Census Tract 120","405","Census Tract 507.12","3/1/2020 - 3/31/2020, Every day, Daily Average",2168,1755,2676
"166","Census Tract 120","406","Census Tract 501.05","3/1/2020 - 3/31/2020, Every day, Daily Average",2424,1875,3132
"166","Census Tract 120","407","Census Tract 504.29","3/1/2020 - 3/31/2020, Every day, Daily Average",2019,1583,2574
"166","Census Tract 120","408","Census Tract 504.23","3/1/2020 - 3/31/2020, Every day, Daily Average",1463,1099,1946
"166","Census Tract 120","409","Census Tract 502.05","3/1/2020 - 3/31/2020, Every day, Daily Average",2177,1716,2760
"166","Census Tract 120","410","Census Tract 501.06","3/1/2020 - 3/31/2020, Every day, Daily Average",2193,1697,2832
"166","Census Tract 120","411","Census Tract 504.15","3/1/2020 - 3/31/2020, Every day, Daily Average",1746,1385,2199
"166","Census Tract 120","412","Census Tract 504.21","3/1/2020 - 3/31/2020, Every day, Daily Average",1295,959,1747
"166","Census Tract 120","413","Census Tract 507.18","3/1/2020 - 3/31/2020, Every day, Daily Average",2357,1894,2932
"166","Census Tract 120","414","Census Tract 507.09","3/1/2020 - 3/31/2020, Every day, Daily Average",1924,1483,2495
"166","Census Tract 120","415","Census Tract 507.14","3/1/2020 - 3/31/2020, Every day, Daily Average",2033,1630,2534
"166","Census Tract 120","416","Census Tract 507.21","3/1/2020 - 3/31/2020, Every day, Daily Average",2593,2046,3285
"166","Census Tract 120","417","Census Tract 501.03","3/1/2020 - 3/31/2020, Every day, Daily Average",2862,2268,3611
"166","Census Tract 120","418","Census Tract 231.15","3/1/2020 - 3/31/2020, Every day, Daily Average",1268,844,1903
"166","Census Tract 120","419","Census Tract 233.14","3/1/2020 - 3/31/2020, Every day, Daily Average",1336,1035,1724
"166","Census Tract 120","420","Census Tract 234.22","3/1/2020 - 3/31/2020, Every day, Daily Average",1045,835,1306
"166","Census Tract 120","421","Census Tract 234.24","3/1/2020 - 3/31/2020, Every day, Daily Average",915,711,1176
"166","Census Tract 120","422","Census Tract 234.27","3/1/2020 - 3/31/2020, Every day, Daily Average",1212,952,1541
"166","Census Tract 120","423","Census Tract 212.02","3/1/2020 - 3/31/2020, Every day, Daily Average",1137,835,1548
"166","Census Tract 120","424","Census Tract 212.04","3/1/2020 - 3/31/2020, Every day, Daily Average",1155,874,1525
"166","Census Tract 120","425","Census Tract 108","3/1/2020 - 3/31/2020, Every day, Daily Average",358,269,475
"166","Census Tract 120","426","Census Tract 114.18","3/1/2020 - 3/31/2020, Every day, Daily Average",2118,1630,2750
"166","Census Tract 120","427","Census Tract 91.02","3/1/2020 - 3/31/2020, Every day, Daily Average",828,522,1312
"166","Census Tract 120","428","Census Tract 12.02","3/1/2020 - 3/31/2020, Every day, Daily Average",522,306,888
"166","Census Tract 120","429","Census Tract 232.12","3/1/2020 - 3/31/2020, Every day, Daily Average",1216,941,1569
"166","Census Tract 120","430","Census Tract 233.03","3/1/2020 - 3/31/2020, Every day, Daily Average",1336,1017,1754
"166","Census Tract 120","431","Census Tract 233.09","3/1/2020 - 3/31/2020, Every day, Daily Average",1219,950,1564
"166","Census Tract 120","432","Census Tract 233.10","3/1/2020 - 3/31/2020, Every day, Daily Average",1108,844,1452
"166","Census Tract 120","433","Census Tract 805.09","3/1/2020 - 3/31/2020, Every day, Daily Average",1487,1221,1809
"166","Census Tract 120","434","Census Tract 806.04","3/1/2020 - 3/31/2020, Every day, Daily Average",1521,1233,1876
"166","Census Tract 120","435","Census Tract 801.03","3/1/2020 - 3/31/2020, Every day, Daily Average",1017,788,1312
"166","Census Tract 120","436","Census Tract 214.13","3/1/2020 - 3/31/2020, Every day, Daily Average",1058,741,1509
"166","Census Tract 120","437","Census Tract 208.02","3/1/2020 - 3/31/2020, Every day, Daily Average",546,390,763
"166","Census Tract 120","438","Census Tract 219.11","3/1/2020 - 3/31/2020, Every day, Daily Average",1673,1318,2122
"166","Census Tract 120","439","Census Tract 212.16","3/1/2020 - 3/31/2020, Every day, Daily Average",1269,952,1690
"166","Census Tract 120","440","Census Tract 214.10","3/1/2020 - 3/31/2020, Every day, Daily Average",937,663,1323
"166","Census Tract 120","441","Census Tract 215.03","3/1/2020 - 3/31/2020, Every day, Daily Average",879,579,1333
"166","Census Tract 120","442","Census Tract 12.01","3/1/2020 - 3/31/2020, Every day, Daily Average",593,351,999
"166","Census Tract 120","443","Census Tract 10.01","3/1/2020 - 3/31/2020, Every day, Daily Average",327,195,546
"166","Census Tract 120","444","Census Tract 89.03","3/1/2020 - 3/31/2020, Every day, Daily Average",983,659,1464
"166","Census Tract 120","445","Census Tract 43","3/1/2020 - 3/31/2020, Every day, Daily Average",262,139,492
"166","Census Tract 120","446","Census Tract 9800","3/1/2020 - 3/31/2020, Every day, Daily Average",542,426,689
"166","Census Tract 120","447","Census Tract 116.16","3/1/2020 - 3/31/2020, Every day, Daily Average",1900,1448,2491
"166","Census Tract 120","448","Census Tract 803.03","3/1/2020 - 3/31/2020, Every day, Daily Average",1150,888,1487
"166","Census Tract 120","449","Census Tract 803.04","3/1/2020 - 3/31/2020, Every day, Daily Average",1263,943,1690
"166","Census Tract 120","450","Census Tract 212.08","3/1/2020 - 3/31/2020, Every day, Daily Average",1320,1028,1694
"166","Census Tract 120","451","Census Tract 212.09","3/1/2020 - 3/31/2020, Every day, Daily Average",1304,1039,1636
"166","Census Tract 120","452","Census Tract 806.03","3/1/2020 - 3/31/2020, Every day, Daily Average",1485,1112,1983
"166","Census Tract 120","453","Census Tract 805.08","3/1/2020 - 3/31/2020, Every day, Daily Average",1475,1116,1949
"166","Census Tract 120","454","Census Tract 212.10","3/1/2020 - 3/31/2020, Every day, Daily Average",1460,1150,1852
"166","Census Tract 120","455","Census Tract 212.11","3/1/2020 - 3/31/2020, Every day, Daily Average",1545,1241,1923
"166","Census Tract 120","456","Census Tract 218.06","3/1/2020 - 3/31/2020, Every day, Daily Average",1442,1128,1842
"166","Census Tract 120","457","Census Tract 218.08","3/1/2020 - 3/31/2020, Every day, Daily Average",1414,956,2089
"166","Census Tract 120","458","Census Tract 218.10","3/1/2020 - 3/31/2020, Every day, Daily Average",1509,1068,2131
"166","Census Tract 120","459","Census Tract 234.10","3/1/2020 - 3/31/2020, Every day, Daily Average",506,372,688
"166","Census Tract 120","460","Census Tract 234.11","3/1/2020 - 3/31/2020, Every day, Daily Average",442,318,614
"166","Census Tract 120","461","Census Tract 234.12","3/1/2020 - 3/31/2020, Every day, Daily Average",613,457,820
"166","Census Tract 120","462","Census Tract 234.13","3/1/2020 - 3/31/2020, Every day, Daily Average",1001,691,1449
"166","Census Tract 120","463","Census Tract 216.04","3/1/2020 - 3/31/2020, Every day, Daily Average",950,687,1312
"166","Census Tract 120","464","Census Tract 219.10","3/1/2020 - 3/31/2020, Every day, Daily Average",1507,1200,1891
"166","Census Tract 120","465","Census Tract 231.12","3/1/2020 - 3/31/2020, Every day, Daily Average",1083,781,1501
"166","Census Tract 120","466","Census Tract 231.14","3/1/2020 - 3/31/2020, Every day, Daily Average",1053,772,1434
"166","Census Tract 120","467","Census Tract 232.13","3/1/2020 - 3/31/2020, Every day, Daily Average",962,711,1300
"166","Census Tract 120","468","Census Tract 503.15","3/1/2020 - 3/31/2020, Every day, Daily Average",1676,1294,2170
"166","Census Tract 120","469","Census Tract 114.27","3/1/2020 - 3/31/2020, Every day, Daily Average",1882,1495,2368
"166","Census Tract 120","470","Census Tract 76.03","3/1/2020 - 3/31/2020, Every day, Daily Average",496,326,753
"166","Census Tract 120","471","Census Tract 77.04","3/1/2020 - 3/31/2020, Every day, Daily Average",646,436,955
"166","Census Tract 120","472","Census Tract 76.04","3/1/2020 - 3/31/2020, Every day, Daily Average",531,355,793
"166","Census Tract 120","473","Census Tract 77.03","3/1/2020 - 3/31/2020, Every day, Daily Average",752,502,1125
"166","Census Tract 120","474","Census Tract 212.13","3/1/2020 - 3/31/2020, Every day, Daily Average",1393,1057,1835
"166","Census Tract 120","475","Census Tract 212.14","3/1/2020 - 3/31/2020, Every day, Daily Average",1592,1222,2073
"166","Census Tract 120","476","Census Tract 213.01","3/1/2020 - 3/31/2020, Every day, Daily Average",1375,987,1914
"166","Census Tract 120","477","Census Tract 213.03","3/1/2020 - 3/31/2020, Every day, Daily Average",1071,806,1422
"166","Census Tract 120","478","Census Tract 218.12","3/1/2020 - 3/31/2020, Every day, Daily Average",1022,766,1362
"166","Census Tract 120","479","Census Tract 233.11","3/1/2020 - 3/31/2020, Every day, Daily Average",1767,1377,2265
"166","Census Tract 120","480","Census Tract 233.12","3/1/2020 - 3/31/2020, Every day, Daily Average",1670,1369,2036
"166","Census Tract 120","481","Census Tract 219.08","3/1/2020 - 3/31/2020, Every day, Daily Average",1618,1247,2099
"166","Census Tract 120","482","Census Tract 234.14","3/1/2020 - 3/31/2020, Every day, Daily Average",750,569,987
"166","Census Tract 120","483","Census Tract 235.04","3/1/2020 - 3/31/2020, Every day, Daily Average",766,516,1137
"166","Census Tract 120","484","Census Tract 235.05","3/1/2020 - 3/31/2020, Every day, Daily Average",815,530,1252
"166","Census Tract 120","485","Census Tract 235.06","3/1/2020 - 3/31/2020, Every day, Daily Average",770,543,1089
"166","Census Tract 120","486","Census Tract 222.04","3/1/2020 - 3/31/2020, Every day, Daily Average",1301,982,1722
"166","Census Tract 120","487","Census Tract 234.26","3/1/2020 - 3/31/2020, Every day, Daily Average",1113,860,1439
"166","Census Tract 120","488","Census Tract 77.06","3/1/2020 - 3/31/2020, Every day, Daily Average",907,609,1350
"166","Census Tract 120","489","Census Tract 113.06","3/1/2020 - 3/31/2020, Every day, Daily Average",1042,734,1478
"166","Census Tract 120","490","Census Tract 113.05","3/1/2020 - 3/31/2020, Every day, Daily Average",1010,689,1478
"166","Census Tract 120","491","Census Tract 504.10","3/1/2020 - 3/31/2020, Every day, Daily Average",1742,1292,2346
"166","Census Tract 120","492","Census Tract 504.16","3/1/2020 - 3/31/2020, Every day, Daily Average",1886,1563,2275
"166","Census Tract 120","493","Census Tract 504.18","3/1/2020 - 3/31/2020, Every day, Daily Average",1430,1015,2013
"166","Census Tract 120","494","Census Tract 95.01","3/1/2020 - 3/31/2020, Every day, Daily Average",911,614,1350
"166","Census Tract 120","495","Census Tract 1205.01","3/1/2020 - 3/31/2020, Every day, Daily Average",2051,1610,2612
"166","Census Tract 120","496","Census Tract 1206.01","3/1/2020 - 3/31/2020, Every day, Daily Average",1712,1499,1954
"166","Census Tract 120","498","Census Tract 504.22","3/1/2020 - 3/31/2020, Every day, Daily Average",1567,1093,2245
"166","Census Tract 120","499","Census Tract 504.24","3/1/2020 - 3/31/2020, Every day, Daily Average",1407,1049,1886
"166","Census Tract 120","500","Census Tract 504.25","3/1/2020 - 3/31/2020, Every day, Daily Average",2076,1585,2717
"166","Census Tract 120","501","Census Tract 504.26","3/1/2020 - 3/31/2020, Every day, Daily Average",1847,1495,2280
"166","Census Tract 120","502","Census Tract 504.19","3/1/2020 - 3/31/2020, Every day, Daily Average",1596,1150,2214
"166","Census Tract 120","503","Census Tract 504.28","3/1/2020 - 3/31/2020, Every day, Daily Average",2004,1563,2568
"166","Census Tract 120","504","Census Tract 504.30","3/1/2020 - 3/31/2020, Every day, Daily Average",1868,1479,2358
"166","Census Tract 120","505","Census Tract 218.09","3/1/2020 - 3/31/2020, Every day, Daily Average",1499,1019,2204
"166","Census Tract 120","506","Census Tract 207","3/1/2020 - 3/31/2020, Every day, Daily Average",465,300,719
"166","Census Tract 120","507","Census Tract 505.11","3/1/2020 - 3/31/2020, Every day, Daily Average",1739,1344,2248
"166","Census Tract 120","508","Census Tract 505.20","3/1/2020 - 3/31/2020, Every day, Daily Average",2018,1638,2485
"166","Census Tract 120","509","Census Tract 505.21","3/1/2020 - 3/31/2020, Every day, Daily Average",2085,1740,2497
"166","Census Tract 120","510","Census Tract 505.22","3/1/2020 - 3/31/2020, Every day, Daily Average",2217,1870,2627
"166","Census Tract 120","511","Census Tract 507.15","3/1/2020 - 3/31/2020, Every day, Daily Average",2234,1812,2753
"166","Census Tract 120","512","Census Tract 311.14","3/1/2020 - 3/31/2020, Every day, Daily Average",1179,862,1610
"166","Census Tract 120","513","Census Tract 313.13","3/1/2020 - 3/31/2020, Every day, Daily Average",793,550,1142
"166","Census Tract 120","514","Census Tract 313.12","3/1/2020 - 3/31/2020, Every day, Daily Average",952,689,1315
"166","Census Tract 120","515","Census Tract 315.06","3/1/2020 - 3/31/2020, Every day, Daily Average",1961,1519,2530
"166","Census Tract 120","516","Census Tract 302.19","3/1/2020 - 3/31/2020, Every day, Daily Average",2448,2105,2845
"166","Census Tract 120","517","Census Tract 302.20","3/1/2020 - 3/31/2020, Every day, Daily Average",1653,1272,2146
"166","Census Tract 120","518","Census Tract 312.06","3/1/2020 - 3/31/2020, Every day, Daily Average",1051,746,1479
"166","Census Tract 120","519","Census Tract 302.26","3/1/2020 - 3/31/2020, Every day, Daily Average",1741,1326,2285
"166","Census Tract 120","520","Census Tract 1704.03","3/1/2020 - 3/31/2020, Every day, Daily Average",1518,1309,1760
"166","Census Tract 120","521","Census Tract 1706.03","3/1/2020 - 3/31/2020, Every day, Daily Average",2012,1706,2372
"166","Census Tract 120","525","Census Tract 302.29","3/1/2020 - 3/31/2020, Every day, Daily Average",1714,1327,2212
"166","Census Tract 120","526","Census Tract 306.02","3/1/2020 - 3/31/2020, Every day, Daily Average",1583,1227,2040
"166","Census Tract 120","527","Census Tract 507.19","3/1/2020 - 3/31/2020, Every day, Daily Average",2393,1936,2957
"166","Census Tract 120","528","Census Tract 507.20","3/1/2020 - 3/31/2020, Every day, Daily Average",2482,1281,4808
"166","Census Tract 120","529","Census Tract 504.27","3/1/2020 - 3/31/2020, Every day, Daily Average",2170,1676,2809
"166","Census Tract 120","530","Census Tract 507.13","3/1/2020 - 3/31/2020, Every day, Daily Average",2315,1879,2851
"166","Census Tract 120","531","Census Tract 1703.06","3/1/2020 - 3/31/2020, Every day, Daily Average",1965,1432,2694
"166","Census Tract 120","533","Census Tract 1703.05","3/1/2020 - 3/31/2020, Every day, Daily Average",1789,1550,2064
"166","Census Tract 120","534","Census Tract 802.01","3/1/2020 - 3/31/2020, Every day, Daily Average",1081,825,1415
"166","Census Tract 120","535","Census Tract 802.02","3/1/2020 - 3/31/2020, Every day, Daily Average",1011,772,1323
"166","Census Tract 120","536","Census Tract 803.01","3/1/2020 - 3/31/2020, Every day, Daily Average",1499,1132,1984
"166","Census Tract 120","538","Census Tract 505.40","3/1/2020 - 3/31/2020, Every day, Daily Average",1974,1617,2408
"166","Census Tract 120","539","Census Tract 502.11","3/1/2020 - 3/31/2020, Every day, Daily Average",1488,1099,2014
"166","Census Tract 120","540","Census Tract 502.19","3/1/2020 - 3/31/2020, Every day, Daily Average",2113,1602,2785
"166","Census Tract 120","541","Census Tract 503.19","3/1/2020 - 3/31/2020, Every day, Daily Average",1281,958,1711
"166","Census Tract 120","542","Census Tract 505.26","3/1/2020 - 3/31/2020, Every day, Daily Average",1652,1321,2064
"166","Census Tract 120","543","Census Tract 9101.04","3/1/2020 - 3/31/2020, Every day, Daily Average",1969,1514,2559
"166","Census Tract 120","544","Census Tract 9101.03","3/1/2020 - 3/31/2020, Every day, Daily Average",1959,1521,2522
"166","Census Tract 120","545","Census Tract 701.06","3/1/2020 - 3/31/2020, Every day, Daily Average",1543,971,2450
"166","Census Tract 120","546","Census Tract 703.04","3/1/2020 - 3/31/2020, Every day, Daily Average",1917,1505,2440
"166","Census Tract 120","547","Census Tract 703.06","3/1/2020 - 3/31/2020, Every day, Daily Average",1697,1325,2173
"166","Census Tract 120","549","Census Tract 89.02","3/1/2020 - 3/31/2020, Every day, Daily Average",523,323,846
"166","Census Tract 120","550","Census Tract 703.05","3/1/2020 - 3/31/2020, Every day, Daily Average",1424,1112,1822
"166","Census Tract 120","552","Census Tract 702.02","3/1/2020 - 3/31/2020, Every day, Daily Average",2102,1666,2651
"166","Census Tract 120","553","Census Tract 701.04","3/1/2020 - 3/31/2020, Every day, Daily Average",1138,902,1435
"166","Census Tract 120","554","Census Tract 312.11","3/1/2020 - 3/31/2020, Every day, Daily Average",1117,784,1589
"166","Census Tract 120","555","Census Tract 312.12","3/1/2020 - 3/31/2020, Every day, Daily Average",1136,714,1805
"166","Census Tract 120","556","Census Tract 302.27","3/1/2020 - 3/31/2020, Every day, Daily Average",1960,1545,2485
"166","Census Tract 120","557","Census Tract 804.03","3/1/2020 - 3/31/2020, Every day, Daily Average",1519,1070,2155
"166","Census Tract 120","558","Census Tract 804.04","3/1/2020 - 3/31/2020, Every day, Daily Average",1752,1541,1991
"166","Census Tract 120","559","Census Tract 805.11","3/1/2020 - 3/31/2020, Every day, Daily Average",1870,1514,2308
"166","Census Tract 120","560","Census Tract 805.10","3/1/2020 - 3/31/2020, Every day, Daily Average",1739,1399,2161
"166","Census Tract 120","561","Census Tract 1306.04","3/1/2020 - 3/31/2020, Every day, Daily Average",2273,1830,2823
"166","Census Tract 120","562","Census Tract 1305.08","3/1/2020 - 3/31/2020, Every day, Daily Average",2574,2108,3142
"166","Census Tract 120","563","Census Tract 1306.02","3/1/2020 - 3/31/2020, Every day, Daily Average",1856,1475,2334
"166","Census Tract 120","564","Census Tract 1306.07","3/1/2020 - 3/31/2020, Every day, Daily Average",2577,2130,3117
"166","Census Tract 120","565","Census Tract 1306.11","3/1/2020 - 3/31/2020, Every day, Daily Average",2846,2337,3465
"166","Census Tract 120","566","Census Tract 1306.10","3/1/2020 - 3/31/2020, Every day, Daily Average",2707,2147,3412
"166","Census Tract 120","567","Census Tract 1306.03","3/1/2020 - 3/31/2020, Every day, Daily Average",1970,1566,2477
"166","Census Tract 120","568","Census Tract 1305.09","3/1/2020 - 3/31/2020, Every day, Daily Average",2359,1905,2920
"166","Census Tract 120","569","Census Tract 1304.10","3/1/2020 - 3/31/2020, Every day, Daily Average",2377,1921,2941
"166","Census Tract 120","570","Census Tract 1305.10","3/1/2020 - 3/31/2020, Every day, Daily Average",2346,1896,2901
"166","Census Tract 120","571","Census Tract 1306.01","3/1/2020 - 3/31/2020, Every day, Daily Average",2117,1687,2655
"166","Census Tract 120","572","Census Tract 1304.04","3/1/2020 - 3/31/2020, Every day, Daily Average",2467,2047,2972
"166","Census Tract 120","573","Census Tract 1303.02","3/1/2020 - 3/31/2020, Every day, Daily Average",2682,2156,3336
"166","Census Tract 120","574","Census Tract 1306.08","3/1/2020 - 3/31/2020, Every day, Daily Average",2622,2057,3340
"166","Census Tract 120","575","Census Tract 1304.06","3/1/2020 - 3/31/2020, Every day, Daily Average",2248,1811,2789
"166","Census Tract 120","576","Census Tract 1303.06","3/1/2020 - 3/31/2020, Every day, Daily Average",2435,1975,3001
"166","Census Tract 120","577","Census Tract 1303.04","3/1/2020 - 3/31/2020, Every day, Daily Average",2529,1998,3200
"166","Census Tract 120","578","Census Tract 1303.07","3/1/2020 - 3/31/2020, Every day, Daily Average",2702,2165,3371
"166","Census Tract 120","579","Census Tract 505.27","3/1/2020 - 3/31/2020, Every day, Daily Average",2267,1829,2809
"166","Census Tract 120","580","Census Tract 501.07","3/1/2020 - 3/31/2020, Every day, Daily Average",2751,2386,3170
"166","Census Tract 120","581","Census Tract 502.09","3/1/2020 - 3/31/2020, Every day, Daily Average",1933,1446,2582
"166","Census Tract 120","582","Census Tract 504.36","3/1/2020 - 3/31/2020, Every day, Daily Average",1859,1523,2268
"166","Census Tract 120","583","Census Tract 505.42","3/1/2020 - 3/31/2020, Every day, Daily Average",1518,1161,1984
"166","Census Tract 120","585","Census Tract 505.45","3/1/2020 - 3/31/2020, Every day, Daily Average",2287,1855,2819
"166","Census Tract 120","586","Census Tract 1306.12","3/1/2020 - 3/31/2020, Every day, Daily Average",2595,2107,3195
"166","Census Tract 120","587","Census Tract 1303.05","3/1/2020 - 3/31/2020, Every day, Daily Average",2904,2241,3762
"166","Census Tract 120","588","Census Tract 1306.05","3/1/2020 - 3/31/2020, Every day, Daily Average",2393,1932,2963
"166","Census Tract 120","589","Census Tract 1306.09","3/1/2020 - 3/31/2020, Every day, Daily Average",2944,2328,3721
"166","Census Tract 120","590","Census Tract 1306.06","3/1/2020 - 3/31/2020, Every day, Daily Average",2557,1991,3282
"166","Census Tract 120","591","Census Tract 234.28","3/1/2020 - 3/31/2020, Every day, Daily Average",972,749,1260
"166","Census Tract 120","592","Census Tract 95.02","3/1/2020 - 3/31/2020, Every day, Daily Average",1107,784,1561
"166","Census Tract 120","593","Census Tract 96.02","3/1/2020 - 3/31/2020, Every day, Daily Average",723,499,1046
"166","Census Tract 120","594","Census Tract 94.04","3/1/2020 - 3/31/2020, Every day, Daily Average",933,584,1488
"166","Census Tract 120","595","Census Tract 94.03","3/1/2020 - 3/31/2020, Every day, Daily Average",645,439,946
"166","Census Tract 120","596","Census Tract 102.12","3/1/2020 - 3/31/2020, Every day, Daily Average",1359,1002,1841
"166","Census Tract 120","597","Census Tract 101.14","3/1/2020 - 3/31/2020, Every day, Daily Average",847,626,1145
"166","Census Tract 120","598","Census Tract 101.15","3/1/2020 - 3/31/2020, Every day, Daily Average",945,707,1262
"166","Census Tract 120","599","Census Tract 101.13","3/1/2020 - 3/31/2020, Every day, Daily Average",929,689,1252
"166","Census Tract 120","600","Census Tract 101.18","3/1/2020 - 3/31/2020, Every day, Daily Average",1273,952,1701
"166","Census Tract 120","601","Census Tract 101.17","3/1/2020 - 3/31/2020, Every day, Daily Average",1482,1097,2001
"166","Census Tract 120","602","Census Tract 701.08","3/1/2020 - 3/31/2020, Every day, Daily Average",1381,992,1921
"166","Census Tract 120","603","Census Tract 703.11","3/1/2020 - 3/31/2020, Every day, Daily Average",1700,1375,2101
"166","Census Tract 120","604","Census Tract 701.07","3/1/2020 - 3/31/2020, Every day, Daily Average",1495,1153,1938
"166","Census Tract 120","605","Census Tract 702.05","3/1/2020 - 3/31/2020, Every day, Daily Average",1702,1406,2059
"166","Census Tract 120","606","Census Tract 705.01","3/1/2020 - 3/31/2020, Every day, Daily Average",2035,1587,2608
"166","Census Tract 120","607","Census Tract 303.40","3/1/2020 - 3/31/2020, Every day, Daily Average",2142,1682,2726
"166","Census Tract 120","608","Census Tract 303.43","3/1/2020 - 3/31/2020, Every day, Daily Average",2404,1884,3065
"166","Census Tract 120","609","Census Tract 101.20","3/1/2020 - 3/31/2020, Every day, Daily Average",1524,1133,2048
"166","Census Tract 120","610","Census Tract 105.16","3/1/2020 - 3/31/2020, Every day, Daily Average",1219,924,1607
"166","Census Tract 120","611","Census Tract 105.15","3/1/2020 - 3/31/2020, Every day, Daily Average",1429,1084,1882
"166","Census Tract 120","612","Census Tract 114.19","3/1/2020 - 3/31/2020, Every day, Daily Average",1844,1460,2328
"166","Census Tract 120","613","Census Tract 701.09","3/1/2020 - 3/31/2020, Every day, Daily Average",1645,1340,2018
"166","Census Tract 120","614","Census Tract 701.14","3/1/2020 - 3/31/2020, Every day, Daily Average",1431,1034,1980
"166","Census Tract 120","615","Census Tract 703.10","3/1/2020 - 3/31/2020, Every day, Daily Average",1638,1121,2392
"166","Census Tract 120","616","Census Tract 701.13","3/1/2020 - 3/31/2020, Every day, Daily Average",1546,1167,2048
"166","Census Tract 120","617","Census Tract 118","3/1/2020 - 3/31/2020, Every day, Daily Average",776,508,1184
"166","Census Tract 120","618","Census Tract 302.28","3/1/2020 - 3/31/2020, Every day, Daily Average",1572,1191,2073
"166","Census Tract 120","619","Census Tract 302.30","3/1/2020 - 3/31/2020, Every day, Daily Average",1879,1495,2361
"166","Census Tract 120","620","Census Tract 302.31","3/1/2020 - 3/31/2020, Every day, Daily Average",2207,1777,2740
"166","Census Tract 120","621","Census Tract 403.06","3/1/2020 - 3/31/2020, Every day, Daily Average",597,424,838
"166","Census Tract 120","623","Census Tract 501.08","3/1/2020 - 3/31/2020, Every day, Daily Average",2694,2300,3155
"166","Census Tract 120","624","Census Tract 501.09","3/1/2020 - 3/31/2020, Every day, Daily Average",2601,2142,3157
"166","Census Tract 120","625","Census Tract 502.08","3/1/2020 - 3/31/2020, Every day, Daily Average",1993,1564,2539
"166","Census Tract 120","626","Census Tract 502.13","3/1/2020 - 3/31/2020, Every day, Daily Average",2038,1591,2609
"166","Census Tract 120","627","Census Tract 506.05","3/1/2020 - 3/31/2020, Every day, Daily Average",2315,1811,2957
"166","Census Tract 120","628","Census Tract 404.16","3/1/2020 - 3/31/2020, Every day, Daily Average",791,593,1054
"166","Census Tract 120","629","Census Tract 405.25","3/1/2020 - 3/31/2020, Every day, Daily Average",1562,1292,1887
"166","Census Tract 120","630","Census Tract 505.28","3/1/2020 - 3/31/2020, Every day, Daily Average",2285,1815,2876
"166","Census Tract 120","631","Census Tract 505.38","3/1/2020 - 3/31/2020, Every day, Daily Average",2038,1673,2482
"166","Census Tract 120","632","Census Tract 505.30","3/1/2020 - 3/31/2020, Every day, Daily Average",2063,1559,2728
"166","Census Tract 120","633","Census Tract 505.29","3/1/2020 - 3/31/2020, Every day, Daily Average",1873,1465,2393
"166","Census Tract 120","634","Census Tract 405.26","3/1/2020 - 3/31/2020, Every day, Daily Average",1437,1095,1885
"166","Census Tract 120","635","Census Tract 403.08","3/1/2020 - 3/31/2020, Every day, Daily Average",484,335,697
"166","Census Tract 120","636","Census Tract 402.04","3/1/2020 - 3/31/2020, Every day, Daily Average",928,669,1285
"166","Census Tract 120","637","Census Tract 404.14","3/1/2020 - 3/31/2020, Every day, Daily Average",708,513,975
"166","Census Tract 120","638","Census Tract 405.21","3/1/2020 - 3/31/2020, Every day, Daily Average",987,717,1358
"166","Census Tract 120","639","Census Tract 502.17","3/1/2020 - 3/31/2020, Every day, Daily Average",1746,1341,2272
"166","Census Tract 120","640","Census Tract 502.18","3/1/2020 - 3/31/2020, Every day, Daily Average",2086,1608,2704
"166","Census Tract 120","641","Census Tract 503.17","3/1/2020 - 3/31/2020, Every day, Daily Average",1437,1124,1836
"166","Census Tract 120","642","Census Tract 503.20","3/1/2020 - 3/31/2020, Every day, Daily Average",1216,898,1645
"166","Census Tract 120","643","Census Tract 503.18","3/1/2020 - 3/31/2020, Every day, Daily Average",1708,1268,2299
"166","Census Tract 120","644","Census Tract 502.15","3/1/2020 - 3/31/2020, Every day, Daily Average",1581,1213,2060
"166","Census Tract 120","645","Census Tract 406.15","3/1/2020 - 3/31/2020, Every day, Daily Average",958,751,1221
"166","Census Tract 120","646","Census Tract 406.17","3/1/2020 - 3/31/2020, Every day, Daily Average",1404,962,2048
"166","Census Tract 120","647","Census Tract 402.03","3/1/2020 - 3/31/2020, Every day, Daily Average",934,663,1314
"166","Census Tract 120","648","Census Tract 404.17","3/1/2020 - 3/31/2020, Every day, Daily Average",1013,750,1367
"166","Census Tract 120","649","Census Tract 405.20","3/1/2020 - 3/31/2020, Every day, Daily Average",751,566,995
"166","Census Tract 120","650","Census Tract 405.22","3/1/2020 - 3/31/2020, Every day, Daily Average",801,604,1061
"166","Census Tract 120","651","Census Tract 405.23","3/1/2020 - 3/31/2020, Every day, Daily Average",1024,793,1321
"166","Census Tract 120","652","Census Tract 503.22","3/1/2020 - 3/31/2020, Every day, Daily Average",1810,1510,2169
"166","Census Tract 120","653","Census Tract 503.21","3/1/2020 - 3/31/2020, Every day, Daily Average",1946,1470,2575
"166","Census Tract 120","654","Census Tract 504.34","3/1/2020 - 3/31/2020, Every day, Daily Average",1414,1105,1809
"166","Census Tract 120","655","Census Tract 504.32","3/1/2020 - 3/31/2020, Every day, Daily Average",1723,1337,2219
"166","Census Tract 120","656","Census Tract 406.21","3/1/2020 - 3/31/2020, Every day, Daily Average",1655,1316,2080
"166","Census Tract 120","657","Census Tract 406.22","3/1/2020 - 3/31/2020, Every day, Daily Average",1535,1237,1904
"166","Census Tract 120","658","Census Tract 504.33","3/1/2020 - 3/31/2020, Every day, Daily Average",1561,1112,2190
"166","Census Tract 120","659","Census Tract 505.33","3/1/2020 - 3/31/2020, Every day, Daily Average",1833,1610,2086
"166","Census Tract 120","660","Census Tract 504.35","3/1/2020 - 3/31/2020, Every day, Daily Average",1692,1327,2156
"166","Census Tract 120","661","Census Tract 505.34","3/1/2020 - 3/31/2020, Every day, Daily Average",1826,1602,2080
"166","Census Tract 120","662","Census Tract 505.32","3/1/2020 - 3/31/2020, Every day, Daily Average",2277,1740,2979
"166","Census Tract 120","663","Census Tract 301.06","3/1/2020 - 3/31/2020, Every day, Daily Average",2243,1674,3005
"166","Census Tract 120","664","Census Tract 301.07","3/1/2020 - 3/31/2020, Every day, Daily Average",1815,1388,2373
"166","Census Tract 120","665","Census Tract 314.08","3/1/2020 - 3/31/2020, Every day, Daily Average",1245,968,1601
"166","Census Tract 120","666","Census Tract 314.09","3/1/2020 - 3/31/2020, Every day, Daily Average",1506,1207,1877
"166","Census Tract 120","667","Census Tract 505.35","3/1/2020 - 3/31/2020, Every day, Daily Average",1660,1338,2058
"166","Census Tract 120","668","Census Tract 505.39","3/1/2020 - 3/31/2020, Every day, Daily Average",1772,1517,2069
"166","Census Tract 120","669","Census Tract 505.36","3/1/2020 - 3/31/2020, Every day, Daily Average",1762,1427,2174
"166","Census Tract 120","670","Census Tract 507.27","3/1/2020 - 3/31/2020, Every day, Daily Average",2620,2116,3242
"166","Census Tract 120","671","Census Tract 304.13","3/1/2020 - 3/31/2020, Every day, Daily Average",989,743,1315
"166","Census Tract 120","672","Census Tract 304.14","3/1/2020 - 3/31/2020, Every day, Daily Average",972,740,1276
"166","Census Tract 120","673","Census Tract 304.12","3/1/2020 - 3/31/2020, Every day, Daily Average",1148,883,1491
"166","Census Tract 120","675","Census Tract 1704.04","3/1/2020 - 3/31/2020, Every day, Daily Average",1884,1421,2496
"166","Census Tract 120","677","Census Tract 1706.01","3/1/2020 - 3/31/2020, Every day, Daily Average",1943,1615,2337
"166","Census Tract 120","679","Census Tract 303.41","3/1/2020 - 3/31/2020, Every day, Daily Average",2045,1713,2440
"166","Census Tract 120","680","Census Tract 303.42","3/1/2020 - 3/31/2020, Every day, Daily Average",2366,1851,3024
"166","Census Tract 120","681","Census Tract 304.09","3/1/2020 - 3/31/2020, Every day, Daily Average",1606,1206,2138
"166","Census Tract 120","682","Census Tract 304.10","3/1/2020 - 3/31/2020, Every day, Daily Average",1306,1017,1675
"166","Census Tract 120","683","Census Tract 304.08","3/1/2020 - 3/31/2020, Every day, Daily Average",1378,990,1917
"166","Census Tract 120","684","Census Tract 304.07","3/1/2020 - 3/31/2020, Every day, Daily Average",1295,954,1756
"166","Census Tract 120","687","Census Tract 302.39","3/1/2020 - 3/31/2020, Every day, Daily Average",2590,2111,3176
"166","Census Tract 120","688","Census Tract 405.24","3/1/2020 - 3/31/2020, Every day, Daily Average",1195,929,1536
"166","Census Tract 120","689","Census Tract 406.16","3/1/2020 - 3/31/2020, Every day, Daily Average",975,741,1281
"166","Census Tract 120","690","Census Tract 406.20","3/1/2020 - 3/31/2020, Every day, Daily Average",1419,1148,1753
"166","Census Tract 120","691","Census Tract 404.15","3/1/2020 - 3/31/2020, Every day, Daily Average",717,534,961
"166","Census Tract 120","692","Census Tract 405.19","3/1/2020 - 3/31/2020, Every day, Daily Average",829,623,1102
"166","Census Tract 120","693","Census Tract 406.19","3/1/2020 - 3/31/2020, Every day, Daily Average",1272,1034,1564
"166","Census Tract 120","694","Census Tract 9800","3/1/2020 - 3/31/2020, Every day, Daily Average",580,447,751
"166","Census Tract 120","695","Census Tract 304.11","3/1/2020 - 3/31/2020, Every day, Daily Average",1059,804,1393
"166","Census Tract 120","696","Census Tract 303.44","3/1/2020 - 3/31/2020, Every day, Daily Average",945,712,1253
"166","Census Tract 120","697","Census Tract 303.45","3/1/2020 - 3/31/2020, Every day, Daily Average",911,672,1233
"166","Census Tract 120","698","Census Tract 311.13","3/1/2020 - 3/31/2020, Every day, Daily Average",1185,892,1572
"166","Census Tract 120","699","Census Tract 505.43","3/1/2020 - 3/31/2020, Every day, Daily Average",2201,1905,2542
"166","Census Tract 120","700","Census Tract 505.47","3/1/2020 - 3/31/2020, Every day, Daily Average",2378,1851,3053
"166","Census Tract 120","701","Census Tract 505.24","3/1/2020 - 3/31/2020, Every day, Daily Average",1744,1495,2034
"166","Census Tract 120","702","Census Tract 505.41","3/1/2020 - 3/31/2020, Every day, Daily Average",1858,1442,2393
"166","Census Tract 120","703","Census Tract 315.09","3/1/2020 - 3/31/2020, Every day, Daily Average",1594,1205,2107
"166","Census Tract 120","704","Census Tract 302.23","3/1/2020 - 3/31/2020, Every day, Daily Average",1721,1326,2232
"166","Census Tract 120","705","Census Tract 311.15","3/1/2020 - 3/31/2020, Every day, Daily Average",1461,1105,1931
"166","Census Tract 120","706","Census Tract 311.16","3/1/2020 - 3/31/2020, Every day, Daily Average",1491,1149,1934
"166","Census Tract 120","707","Census Tract 315.08","3/1/2020 - 3/31/2020, Every day, Daily Average",1758,1385,2231
"166","Census Tract 120","708","Census Tract 315.07","3/1/2020 - 3/31/2020, Every day, Daily Average",1813,1483,2215
"166","Census Tract 120","709","Census Tract 311.17","3/1/2020 - 3/31/2020, Every day, Daily Average",1477,1138,1916
"166","Census Tract 120","710","Census Tract 311.18","3/1/2020 - 3/31/2020, Every day, Daily Average",1316,972,1780
"166","Census Tract 120","711","Census Tract 302.22","3/1/2020 - 3/31/2020, Every day, Daily Average",1780,1499,2112
"166","Census Tract 120","712","Census Tract 302.32","3/1/2020 - 3/31/2020, Every day, Daily Average",2273,1875,2755
"166","Census Tract 120","713","Census Tract 302.33","3/1/2020 - 3/31/2020, Every day, Daily Average",2098,1707,2577
"166","Census Tract 120","714","Census Tract 302.34","3/1/2020 - 3/31/2020, Every day, Daily Average",2217,1718,2859
"166","Census Tract 120","717","Census Tract 507.25","3/1/2020 - 3/31/2020, Every day, Daily Average",2112,1762,2530
"166","Census Tract 120","718","Census Tract 507.29","3/1/2020 - 3/31/2020, Every day, Daily Average",2010,1624,2486
"166","Census Tract 120","719","Census Tract 507.22","3/1/2020 - 3/31/2020, Every day, Daily Average",2169,1889,2490
"166","Census Tract 120","721","Census Tract 111","3/1/2020 - 3/31/2020, Every day, Daily Average",522,343,793
"166","Census Tract 120","722","Census Tract 112.01","3/1/2020 - 3/31/2020, Every day, Daily Average",418,269,647
"166","Census Tract 120","723","Census Tract 112.02","3/1/2020 - 3/31/2020, Every day, Daily Average",642,457,901
"166","Census Tract 120","724","Census Tract 1005.01","3/1/2020 - 3/31/2020, Every day, Daily Average",1802,1425,2277
"166","Census Tract 120","727","Census Tract 1009.03","3/1/2020 - 3/31/2020, Every day, Daily Average",2127,1623,2786
"166","Census Tract 120","728","Census Tract 113.01","3/1/2020 - 3/31/2020, Every day, Daily Average",526,355,777
"166","Census Tract 120","729","Census Tract 113.03","3/1/2020 - 3/31/2020, Every day, Daily Average",881,632,1226
"166","Census Tract 120","730","Census Tract 1203.02","3/1/2020 - 3/31/2020, Every day, Daily Average",2255,1886,2694
"166","Census Tract 120","736","Census Tract 1206.02","3/1/2020 - 3/31/2020, Every day, Daily Average",1997,1747,2282
"166","Census Tract 120","740","Census Tract 1201.01","3/1/2020 - 3/31/2020, Every day, Daily Average",2756,2210,3436
"166","Census Tract 120","742","Census Tract 1206.03","3/1/2020 - 3/31/2020, Every day, Daily Average",1848,1437,2375
"166","Census Tract 120","744","Census Tract 1402.08","3/1/2020 - 3/31/2020, Every day, Daily Average",1992,1645,2411
"166","Census Tract 120","745","Census Tract 1402.07","3/1/2020 - 3/31/2020, Every day, Daily Average",2153,1664,2784
"166","Census Tract 120","746","Census Tract 114.05","3/1/2020 - 3/31/2020, Every day, Daily Average",1614,1208,2156
"166","Census Tract 120","747","Census Tract 114.10","3/1/2020 - 3/31/2020, Every day, Daily Average",1929,1469,2532
"166","Census Tract 120","748","Census Tract 114.11","3/1/2020 - 3/31/2020, Every day, Daily Average",1432,1093,1874
"166","Census Tract 120","749","Census Tract 114.14","3/1/2020 - 3/31/2020, Every day, Daily Average",1854,1503,2285
"166","Census Tract 120","750","Census Tract 204","3/1/2020 - 3/31/2020, Every day, Daily Average",597,396,899
"166","Census Tract 120","751","Census Tract 205","3/1/2020 - 3/31/2020, Every day, Daily Average",411,258,654
"166","Census Tract 120","752","Census Tract 206","3/1/2020 - 3/31/2020, Every day, Daily Average",554,331,924
"166","Census Tract 120","753","Census Tract 208.01","3/1/2020 - 3/31/2020, Every day, Daily Average",517,347,769
"166","Census Tract 120","754","Census Tract 209","3/1/2020 - 3/31/2020, Every day, Daily Average",288,181,456
"166","Census Tract 120","755","Census Tract 10.02","3/1/2020 - 3/31/2020, Every day, Daily Average",717,375,1370
"166","Census Tract 120","756","Census Tract 7","3/1/2020 - 3/31/2020, Every day, Daily Average",845,595,1198
"166","Census Tract 120","757","Census Tract 87","3/1/2020 - 3/31/2020, Every day, Daily Average",774,519,1152
"166","Census Tract 120","758","Census Tract 234.16","3/1/2020 - 3/31/2020, Every day, Daily Average",869,655,1151
"166","Census Tract 120","759","Census Tract 238.02","3/1/2020 - 3/31/2020, Every day, Daily Average",754,506,1122
"166","Census Tract 120","760","Census Tract 223.01","3/1/2020 - 3/31/2020, Every day, Daily Average",1182,868,1609
"166","Census Tract 120","761","Census Tract 233.06","3/1/2020 - 3/31/2020, Every day, Daily Average",1461,1115,1914
"166","Census Tract 120","762","Census Tract 201","3/1/2020 - 3/31/2020, Every day, Daily Average",1037,718,1497
"166","Census Tract 120","763","Census Tract 223.02","3/1/2020 - 3/31/2020, Every day, Daily Average",1320,971,1793
"166","Census Tract 120","764","Census Tract 220.07","3/1/2020 - 3/31/2020, Every day, Daily Average",1266,928,1726
"166","Census Tract 120","765","Census Tract 202","3/1/2020 - 3/31/2020, Every day, Daily Average",677,471,972
"166","Census Tract 120","766","Census Tract 203","3/1/2020 - 3/31/2020, Every day, Daily Average",748,527,1060
"166","Census Tract 120","767","Census Tract 234.23","3/1/2020 - 3/31/2020, Every day, Daily Average",891,640,1239
"166","Census Tract 120","768","Census Tract 234.25","3/1/2020 - 3/31/2020, Every day, Daily Average",1048,785,1398
"166","Census Tract 120","769","Census Tract 68.02","3/1/2020 - 3/31/2020, Every day, Daily Average",594,413,852
"166","Census Tract 120","770","Census Tract 69","3/1/2020 - 3/31/2020, Every day, Daily Average",496,323,761
"166","Census Tract 120","771","Census Tract 70.01","3/1/2020 - 3/31/2020, Every day, Daily Average",539,298,973
"166","Census Tract 120","772","Census Tract 74","3/1/2020 - 3/31/2020, Every day, Daily Average",278,205,376
"166","Census Tract 120","773","Census Tract 104","3/1/2020 - 3/31/2020, Every day, Daily Average",1336,974,1831
"166","Census Tract 120","774","Census Tract 114.12","3/1/2020 - 3/31/2020, Every day, Daily Average",1492,1133,1964
"166","Census Tract 120","775","Census Tract 218.13","3/1/2020 - 3/31/2020, Every day, Daily Average",1047,778,1408
"166","Census Tract 120","776","Census Tract 212.18","3/1/2020 - 3/31/2020, Every day, Daily Average",1327,988,1781
"166","Census Tract 120","777","Census Tract 76.02","3/1/2020 - 3/31/2020, Every day, Daily Average",738,505,1077
"166","Census Tract 120","778","Census Tract 21","3/1/2020 - 3/31/2020, Every day, Daily Average",551,308,982
"166","Census Tract 120","779","Census Tract 23","3/1/2020 - 3/31/2020, Every day, Daily Average",649,414,1015
"166","Census Tract 120","780","Census Tract 78.02","3/1/2020 - 3/31/2020, Every day, Daily Average",878,642,1200
"166","Census Tract 120","781","Census Tract 78.05","3/1/2020 - 3/31/2020, Every day, Daily Average",592,415,844
"166","Census Tract 120","782","Census Tract 78.06","3/1/2020 - 3/31/2020, Every day, Daily Average",748,520,1074
"166","Census Tract 120","783","Census Tract 24","3/1/2020 - 3/31/2020, Every day, Daily Average",513,318,826
"166","Census Tract 120","784","Census Tract 26","3/1/2020 - 3/31/2020, Every day, Daily Average",627,345,1137
"166","Census Tract 120","785","Census Tract 28","3/1/2020 - 3/31/2020, Every day, Daily Average",191,102,355
"166","Census Tract 120","786","Census Tract 30","3/1/2020 - 3/31/2020, Every day, Daily Average",584,353,963
"166","Census Tract 120","787","Census Tract 31","3/1/2020 - 3/31/2020, Every day, Daily Average",419,248,707
"166","Census Tract 120","788","Census Tract 32","3/1/2020 - 3/31/2020, Every day, Daily Average",455,256,806
"166","Census Tract 120","789","Census Tract 35","3/1/2020 - 3/31/2020, Every day, Daily Average",111,48,254
"166","Census Tract 120","790","Census Tract 38","3/1/2020 - 3/31/2020, Every day, Daily Average",374,221,631
"166","Census Tract 120","791","Census Tract 78.07","3/1/2020 - 3/31/2020, Every day, Daily Average",459,310,677
"166","Census Tract 120","792","Census Tract 78.08","3/1/2020 - 3/31/2020, Every day, Daily Average",597,368,966
"166","Census Tract 120","793","Census Tract 79","3/1/2020 - 3/31/2020, Every day, Daily Average",768,488,1207
"166","Census Tract 120","794","Census Tract 80","3/1/2020 - 3/31/2020, Every day, Daily Average",646,434,961
"166","Census Tract 120","795","Census Tract 81.02","3/1/2020 - 3/31/2020, Every day, Daily Average",343,211,555
"166","Census Tract 120","796","Census Tract 82.01","3/1/2020 - 3/31/2020, Every day, Daily Average",419,273,642
"166","Census Tract 120","797","Census Tract 40","3/1/2020 - 3/31/2020, Every day, Daily Average",255,153,424
"166","Census Tract 120","798","Census Tract 41","3/1/2020 - 3/31/2020, Every day, Daily Average",211,119,373
"166","Census Tract 120","799","Census Tract 44","3/1/2020 - 3/31/2020, Every day, Daily Average",98,42,224
"166","Census Tract 120","800","Census Tract 48","3/1/2020 - 3/31/2020, Every day, Daily Average",87,40,186
"166","Census Tract 120","801","Census Tract 39","3/1/2020 - 3/31/2020, Every day, Daily Average",316,183,543
"166","Census Tract 120","802","Census Tract 49","3/1/2020 - 3/31/2020, Every day, Daily Average",126,60,260
"166","Census Tract 120","803","Census Tract 50","3/1/2020 - 3/31/2020, Every day, Daily Average",169,92,309
"166","Census Tract 120","804","Census Tract 52","3/1/2020 - 3/31/2020, Every day, Daily Average",216,126,368
"166","Census Tract 120","805","Census Tract 53","3/1/2020 - 3/31/2020, Every day, Daily Average",320,184,555
"166","Census Tract 120","806","Census Tract 82.02","3/1/2020 - 3/31/2020, Every day, Daily Average",796,514,1230
"166","Census Tract 120","807","Census Tract 83.01","3/1/2020 - 3/31/2020, Every day, Daily Average",363,237,555
"166","Census Tract 120","808","Census Tract 83.02","3/1/2020 - 3/31/2020, Every day, Daily Average",465,298,725
"166","Census Tract 120","809","Census Tract 84","3/1/2020 - 3/31/2020, Every day, Daily Average",513,340,773
"166","Census Tract 120","810","Census Tract 85","3/1/2020 - 3/31/2020, Every day, Daily Average",751,491,1146
"166","Census Tract 120","811","Census Tract 86.01","3/1/2020 - 3/31/2020, Every day, Daily Average",711,456,1106
"166","Census Tract 120","812","Census Tract 55.01","3/1/2020 - 3/31/2020, Every day, Daily Average",162,64,407
"166","Census Tract 120","813","Census Tract 55.02","3/1/2020 - 3/31/2020, Every day, Daily Average",286,147,555
"166","Census Tract 120","814","Census Tract 57","3/1/2020 - 3/31/2020, Every day, Daily Average",345,170,699
"166","Census Tract 120","815","Census Tract 58","3/1/2020 - 3/31/2020, Every day, Daily Average",146,67,314
"166","Census Tract 120","816","Census Tract 61","3/1/2020 - 3/31/2020, Every day, Daily Average",516,332,799
"166","Census Tract 120","817","Census Tract 63","3/1/2020 - 3/31/2020, Every day, Daily Average",81,49,132
"166","Census Tract 120","818","Census Tract 64","3/1/2020 - 3/31/2020, Every day, Daily Average",415,261,657
"166","Census Tract 120","819","Census Tract 65","3/1/2020 - 3/31/2020, Every day, Daily Average",134,89,200
"166","Census Tract 120","820","Census Tract 86.02","3/1/2020 - 3/31/2020, Every day, Daily Average",681,467,991
"166","Census Tract 120","821","Census Tract 88","3/1/2020 - 3/31/2020, Every day, Daily Average",1040,683,1582
"166","Census Tract 120","822","Census Tract 92","3/1/2020 - 3/31/2020, Every day, Daily Average",521,350,774
"166","Census Tract 120","823","Census Tract 910.05","3/1/2020 - 3/31/2020, Every day, Daily Average",2083,1613,2688
"166","Census Tract 120","824","Census Tract 75","3/1/2020 - 3/31/2020, Every day, Daily Average",208,148,290
"166","Census Tract 120","825","Census Tract 403.07","3/1/2020 - 3/31/2020, Every day, Daily Average",1063,786,1436
"166","Census Tract 120","828","Census Tract 1704.02","3/1/2020 - 3/31/2020, Every day, Daily Average",1371,1096,1714
"166","Census Tract 120","829","Census Tract 60","3/1/2020 - 3/31/2020, Every day, Daily Average",423,262,682
"166","Census Tract 120","830","Census Tract 81.01","3/1/2020 - 3/31/2020, Every day, Daily Average",565,365,873
"166","Census Tract 120","831","Census Tract 9800","3/1/2020 - 3/31/2020, Every day, Daily Average",584,394,865